node_id,Cnt_node_i,Sum_VEH,Sum_d1,Sum_d2,Sum_d3,Sum_d4,Sum_d5,Sum_d6,Sum_d7,Sum_d8,Sum_d9,Sum_d10,Sum_d11,Sum_d12,Sum_d13,Sum_d14,Sum_d15,Sum_d16,Sum_d17,Sum_d18,Sum_d19,Sum_d20,Sum_d21,Sum_d22,Sum_d23,Sum_d24,Sum_d25,x,y
1,2,51691,269.0725118,1638.970771,2840.852808,3905.650245,4751.656587,5267.261184,5368.196577,4588.223355,4537.150155,4126.563729,3582.46691,2880.859324,2220.879384,1743.899493,1332.651637,956.397394,651.6509639,438.4799911,255.4023415,159.8626681,86.36122904,47.93504034,25.44148862,11.18165859,0,-93926.9096,3375960.432
2,2,23378,103.9782585,721.9604805,1265.128448,1747.69549,2132.768548,2369.248229,2419.727362,2072.032543,2052.604488,1870.566787,1627.793472,1313.818324,1017.218762,802.112089,616.2007292,445.060035,305.6780895,207.7682081,122.3337328,77.45715893,42.36130176,23.84497983,12.85914773,5.781594305,0,-91292.3008,3401368.089
3,4,5419,11.11756433,153.8950452,280.3162443,393.6580587,485.2969097,543.0776164,558.1352849,480.125965,478.4394569,438.5268536,383.9632354,312.1102114,243.5156353,193.5542417,150.0497202,109.50146,76.11109053,52.45131667,31.3761202,20.18957748,11.25581796,6.468412685,3.572614233,1.662933016,0,-86741.3586,3424574.445
4,3,10355,89.95558068,364.1647033,601.747434,809.300706,970.9060731,1064.893763,1076.105777,914.6857299,896.7518143,809.2451657,697.1612887,556.9890661,426.7435504,332.7301187,252.5367403,180.0058389,121.8745353,81.58493348,47.13638542,29.3011591,15.63929358,8.586470816,4.496815723,1.939667528,0,-84073.2807,3390761.03
5,3,6252,43.49535309,208.7090504,352.6281012,479.2200342,578.8071224,638.0215924,647.5993414,552.3505397,543.7725326,492.7595816,426.4394263,342.5779098,264.0650261,207.1671947,158.3702329,113.8266797,77.82425016,52.69915089,30.85189377,19.4380491,10.54193726,5.889015427,3.146379372,1.397226694,0,-80393.3012,3409765.351
7,2,992,6.447730516,32.60163356,55.40410971,75.49470083,91.34257309,100.8085517,102.4569992,87.50503728,86.23732774,78.24966334,67.83196619,54.64905527,42.27064767,33.27255935,25.54397404,18.45602005,12.70282642,8.674845716,5.125246605,3.26060963,1.78713376,1.010455106,0.547297071,0.248406121,0,-76597.7494,3435574.013
9,1,2264,19.53432698,79.38560306,131.2233903,176.5142479,211.7929778,232.3013046,234.8146834,199.7030455,195.801547,176.7526629,152.3650142,121.9279199,93.61287075,73.12817309,55.6498732,39.80186502,27.07065623,18.23122482,10.5997742,6.634077141,3.565557352,1.973694855,1.043260353,0.45743499,0,-72017.5252,3402546.415
10,3,9730,99.76272457,357.3394786,579.2596217,771.881694,920.4349051,1004.873306,1011.603492,857.6533568,837.6287192,753.2178429,646.5965271,514.9307223,393.2736728,305.5515474,231.0820797,164.1026131,110.695098,73.8430145,42.45572217,26.27404457,13.92769725,7.596335888,3.947049161,1.691264379,0,-67741.1653,3384000.993
11,1,386,3.703205782,13.90028307,22.69998728,30.35755987,36.28759483,39.68575762,40.02284805,33.98934152,33.24628402,29.9484542,25.76405307,20.58610827,15.78444176,12.3104716,9.354932436,6.682419968,4.540840487,3.057142201,1.77563112,1.110616362,0.595760035,0.32932108,0.173766837,0.076434228,0,-61057.4066,3407512.172
12,1,2225,22.95216562,81.60716979,132.0606596,175.8276792,209.572115,228.674755,230.2509893,195.4105723,190.7924424,171.6286654,147.4911348,117.8690319,90.44180764,70.55944581,53.6786823,38.41591526,26.18548333,17.71360137,10.33555516,6.498593084,3.502159801,1.94763524,1.034594341,0.465972524,0,-39949.0355,3415581
13,1,22077,336.4849059,919.9843672,1413.659724,1833.113945,2146.227453,2309.959783,2297.81585,1931.833543,1864.213937,1657.49225,1406.633167,1108.077569,837.1023626,642.625439,480.0134354,336.4219571,223.8655174,147.3410337,83.19278623,50.62259861,26.17415304,13.9303873,7.036606437,0,0,-35815.7373,3375765.992
15,1,11921,156.2996627,470.4413562,737.9683232,967.3186167,1141.012865,1235.051295,1235.187291,1043.301134,1011.812293,904.4109734,772.1937516,613.2263046,467.5390223,362.2282999,273.5664523,194.2621432,131.336971,88.10790864,50.86100217,31.65428457,16.81648678,9.219648112,4.818150051,0,0,-33532.9802,3416507.5
16,1,2,0.026973653,0.079788172,0.124737397,0.163216993,0.192285195,0.207949608,0.207748291,0.175256459,0.169824535,0.151625464,0.129261262,0.102367602,0.077783439,0.06007048,0.045178147,0.031914092,0.021432125,0.014255589,0.008151498,0.005023217,0.002638974,0.001428608,0.000735848,0,0,-28215.8336,3389282.873
17,1,10314,160.051044,432.3174024,662.3481447,857.5387338,1002.969116,1078.549027,1072.273792,901.3412398,869.1881996,772.4306945,655.325285,516.4294218,390.4107216,299.8601485,224.1986091,157.3583848,104.939481,69.28600094,39.24675357,23.96668378,12.43445831,6.64634081,3.374421932,0,0,-27634.352,3386538.695
18,1,638,7.797801969,24.5854496,38.92013553,51.25428947,60.64999517,65.80622568,65.96321643,55.82570074,54.2542221,48.60391936,41.60465631,33.15289079,25.37524036,19.73602014,14.97488088,10.69279977,7.277663506,4.921500487,2.867336842,1.801412237,0.967873496,0.537210201,0.284682916,0,0,-23506.6583,3436928.799
19,1,6836,140.6326061,320.6171752,469.8319535,593.5611178,682.3769153,723.8017604,711.0901458,592.4699675,564.555397,495.9487136,415.7602356,323.7230327,241.7183992,183.1910161,135.0318041,93.31473367,61.2006316,39.71101586,21.98851794,13.14055613,6.609836398,3.4248963,1.681885764,0,0,-18895.6621,3383615.606
20,2,6365,108.2349053,275.5933882,416.0569181,534.4239239,621.6984005,665.6270067,659.6047599,553.5404973,531.872775,471.2807543,398.8518335,314.1527876,237.5791154,182.4161209,136.5089962,96.01426791,64.29195637,42.73432,24.36385426,14.99019908,7.828118306,4.221748277,2.166840406,0,0,-12646.2771,3412213.321
21,1,776,16.37699656,36.72968943,53.54826419,67.45454852,77.39525902,81.95383685,80.43762006,67.02361927,63.78131186,55.99040494,46.93114662,36.61146372,27.41639879,20.82727445,15.41066127,10.70730871,7.076925688,4.641017659,2.59983759,1.572975323,0.801902108,0.42218326,0.21135866,0,0,25958.6653,3398274.898
22,1,1798,36.1310138,83.22190506,122.2589673,154.684319,178.0476672,189.0090332,185.9793058,155.3329713,148.1637202,130.405227,109.6412585,85.89776863,64.64240541,49.34669268,36.73015343,25.70353027,17.13804717,11.35791304,6.44266403,3.947319698,2.044332804,1.094843983,0.558296848,0,0,26574.9195,3423214.388
23,1,1109,26.13004113,55.11649545,78.82972161,98.20173357,111.7730398,117.5823517,114.766862,95.25417357,90.12595028,78.69208157,65.60776611,50.94619049,37.98481369,28.71142065,21.14204051,14.61980423,9.621240728,6.287490636,3.50324648,2.109697593,1.066625008,0.557465099,0.277716281,0,0,27168.6073,3408277.558
24,1,2773,58.19502299,131.0668034,191.3509364,241.2332263,276.9238752,293.3721012,287.9801746,239.8767572,228.3441623,200.4512703,167.9631287,130.8448688,97.79154251,74.16231054,54.73759879,37.90303491,24.93532998,16.25149261,9.040938079,5.430493047,2.745814213,1.431904201,0.708906984,0,0,31738.7193,3377965.603
25,1,9354,253.9312311,498.631784,696.2778038,854.9059293,962.5445128,1003.67988,971.2981731,799.9569162,750.6788567,649.6391171,536.1720439,410.9703292,301.9383331,224.8599589,162.6885703,110.1616773,70.68937953,44.84275067,24.08651891,13.9890232,6.741821813,3.348039115,1.593875127,0,0,37548.4185,3348298.224
26,1,3144,82.62450661,164.8144164,231.3933531,285.0595455,321.7678328,336.2111171,326.050425,269.0842607,253.0072997,219.4448765,181.5981432,139.7151159,103.0961678,77.10998339,56.08538385,38.22339744,24.7243986,15.83671703,8.607526053,5.058341529,2.475418615,1.249920344,0.603776548,0,0,41029.7888,3364855.177
27,1,3276,86.0517006,171.4782996,240.621313,296.3429299,334.4605123,349.412853,338.9317012,279.9292385,263.2026007,228.3841715,189.1643168,145.8824626,107.9861291,80.99727554,59.14754308,40.5241698,26.40010866,17.0671872,9.377007703,5.571743669,2.763313789,1.416573379,0.695603947,0,0,49598.0248,3375924.331
28,2,3372,77.01048972,165.0045416,237.1412976,296.2684153,337.942843,356.1152472,348.2289634,289.5789795,274.4441291,240.1042607,200.6738417,156.408287,117.130764,88.9151159,65.82433066,45.8181779,30.40101358,20.06630955,11.31449247,6.895781555,3.53945808,1.880530768,0.952801666,0,0,52114.6377,3434512.944
29,1,6927,203.3283857,383.6525149,527.8678611,642.2370667,718.1998862,744.6122432,717.127363,588.6697808,549.5815847,473.3711935,388.914653,297.0928005,217.63885,161.4971143,116.491095,78.68161747,50.4163523,31.98723697,17.15923295,9.962010908,4.78348387,2.371342691,1.148339537,0,0,54600.9488,3350080.811
30,1,18921,586.8319085,1078.589818,1469.229672,1776.235918,1976.693858,2041.06067,1958.278989,1602.354349,1490.265414,1278.583233,1046.000348,795.2043456,579.511463,427.6866043,306.6155103,205.6444619,130.7119098,82.19074715,43.5762148,25.01570792,11.81748907,5.761567491,2.8576531,0,0,55129.5233,3344765.251
31,2,2136,74.20216006,129.3691875,172.4837787,205.6476385,226.4139137,231.6634479,220.4352434,179.1716708,165.2261661,140.5588121,113.9704686,85.86175855,61.98810534,45.28680509,32.11796861,21.28696958,13.35887137,8.289925936,4.315477232,2.435717031,1.119963241,0.532014524,0,0,0,62909.2532,3330104.368
32,1,1856,48.28251877,96.57472706,135.6686267,167.2066288,188.830009,197.3608721,191.5884844,158.4216712,149.0393354,129.4484559,107.3733986,83.0413851,61.69028631,46.4270573,34.05390318,23.46563914,15.40164976,10.05098293,5.584211765,3.355732521,1.687872112,0.878849027,0.438200081,0,0,64098.6983,3410519.324
34,1,937,23.66717641,48.02789872,67.79810833,83.80614709,94.85634247,99.32158063,96.59513446,80.01736696,75.40952902,65.62659795,54.5624429,42.33452612,31.5676086,23.84536915,17.56908884,12.17234244,8.042393078,5.289865358,2.967323469,1.800203182,0.91678649,0.483723482,0.244071685,0,0,67720.2947,3428392.724
35,2,3394,105.1651272,193.1299421,262.9440586,317.8021644,353.6296744,365.0895831,350.3859859,286.958839,266.8993315,229.1128983,187.640308,143.0473316,104.6303508,77.47771938,55.80507205,37.66238578,24.14134061,15.34573778,8.243029726,4.794954189,2.303315181,1.144280057,0.370913768,0,0,74675.1561,3375394.638
36,1,948,26.10577764,50.69715485,70.4723467,86.29726923,96.99448809,100.974723,97.69278967,80.59337261,75.55355665,65.40879737,54.08264591,41.72176428,30.92469824,23.21053409,16.9834555,11.6773505,7.651852805,4.98917084,2.76716505,1.660706414,0.832732764,0.432629165,0.216103579,0,0,79427.2045,3414724.819
37,1,391,10.55812786,20.69274702,28.85650246,35.40680616,39.85689596,41.54422705,40.24718616,33.24800218,31.20723804,27.05612874,22.41047556,17.33244044,12.88542486,9.699494469,7.122809676,4.919039383,3.240824739,2.126824045,1.188991651,0.71918868,0.364355625,0.191383285,0.096445278,0,0,84105.6572,3431692.189
38,3,4319,171.5695191,282.1626062,366.6796094,429.7027536,466.6631369,471.8840658,444.0624928,357.5194697,325.9873146,274.1018581,219.4666113,163.0526954,115.9723955,83.40422541,58.12697439,37.76243963,23.16785195,14.02588711,7.05793558,3.859498105,1.68809335,0.764088128,0,0,0,85898.5647,3306460.259
40,1,1137,34.43893222,63.86036752,87.25837403,105.7091696,117.846116,121.8497651,117.1495569,96.13931465,89.55908481,77.03474458,63.25391132,48.42224614,35.59609225,26.48616317,19.1945278,13.05449689,8.450063424,5.436125336,2.963382367,1.749140431,0.856566209,0.434478459,0.215866767,0,0,93872.4456,3400794.5
42,1,3545,106.5901299,198.1821848,271.0446261,328.5589233,366.4759755,379.0825191,364.6941578,299.570045,279.2071293,240.3569459,197.5916498,151.594143,111.7476705,83.36436731,60.62029787,41.40991108,26.95677876,17.46465559,9.602625361,5.716641875,2.830826974,1.453375874,0.726380508,0,0,95347.9949,3411960.569
46,1,761,22.40336748,42.03736345,57.68570665,70.07699505,78.29794268,81.10456907,78.15041446,64.31031674,60.02555409,51.76714093,42.65434312,32.84090063,24.31154724,18.21113336,13.31085999,9.150962908,6.004762574,3.927962198,2.185444112,1.316337789,0.66201786,0.345549628,0.174260415,0,0,103157.2337,3432255.085
47,2,2503,89.98676873,154.2364616,204.1023521,242.1587092,265.6304553,270.9093327,257.1708787,208.8273002,192.0348526,163.0216229,131.9893347,99.52303224,71.9983498,52.66963101,37.46586211,24.9546051,15.78387554,9.905306226,5.224461695,2.989003273,1.396814059,0.676567208,0,0,0,106608.4286,3367269.154
48,1,1126,35.01365791,64.00910269,86.95979228,104.9688349,116.7137675,120.4049842,115.5850511,94.82308521,88.16989621,75.74807097,62.15913323,47.64911805,35.11119577,26.17232116,19.02779021,13.00363696,8.477258064,5.506651856,3.036180518,1.812971372,0.90048465,0.464215006,0.233850148,0,0,108816.4662,3420848.76
50,1,1284,41.66031294,74.71269933,100.7378172,121.0078562,134.035685,137.8334961,131.8996066,107.890717,100.0108394,85.63173691,70.0006919,53.40188302,39.13719764,29.01330254,20.95773996,14.2136655,9.18275036,5.903300604,3.212321831,1.893786632,0.924043233,0.467687099,0.237837839,0,0,112978.8356,3398544.61
51,1,814,27.5482148,48.48068925,64.8693641,77.53274671,85.54380248,87.67643432,83.63291411,68.21188356,63.02838244,53.78269777,43.79798445,33.2591081,24.25097372,17.88400488,12.84082139,8.647412802,5.540756535,3.528799751,1.89722744,1.105569604,0.530581234,0.264036704,0,0,0,113686.481,3386214.18
53,1,1152,39.53772109,69.07387285,92.13190809,109.8932763,121.0650163,123.9195807,118.0995794,96.30343914,88.88884883,75.79577161,61.70226764,46.89343975,34.24123886,25.27870561,18.18518171,12.28224767,7.903775853,5.063285246,2.741395669,1.608822493,0.779020604,0.3916172,0,0,0,122319.4361,3404269.727
54,1,709,28.58051632,46.61483541,60.32900463,70.50699193,76.42096477,77.13501113,72.52691012,58.43231785,53.20334142,44.7167661,35.82610564,26.726426,19.12242666,13.82227591,9.707929192,6.37667176,3.973900719,2.456281449,1.268325664,0.711516527,0.322008304,0.151370728,0,0,0,134984.6714,3368150.251
55,3,6900,270.1724645,445.3357566,579.0503479,678.9808967,738.0049673,746.6928523,704.1183275,569.2654182,519.7066314,438.3379442,352.7839755,265.0753074,191.3160435,139.4622844,99.00274149,65.91786021,41.79138044,26.37324882,13.98964198,8.054936174,3.785113262,1.850103151,0,0,0,138872.7758,3384438.302
56,1,2786,120.4126012,190.5488249,243.0581326,281.2287901,302.3947678,303.0786309,283.2553519,227.2478768,205.5599495,171.7330461,136.8046607,101.6622973,72.51907319,52.20852866,36.56018402,23.97264689,14.94431993,9.263155105,4.794805866,2.6981506,1.22277159,0.577577957,0,0,0,162972.4042,3362461.141
57,2,2350,107.0415323,166.0524999,209.7718467,241.032453,257.6678488,256.9305265,238.8488359,190.5907556,171.4915494,142.4075945,112.6420815,82.9283069,58.52497708,41.68125031,28.81448753,18.59959448,11.37661887,6.898406076,3.466342093,1.896899639,0.823040093,0.372939481,0,0,0,163586.4373,3330649.75
59,1,4311,181.51559,290.0478785,371.6735579,431.4533409,465.2072736,467.3833948,437.9672227,352.3792083,319.5646595,267.7992009,214.1341379,159.9754737,114.8306792,83.18267873,58.69253548,38.84657059,24.49709853,15.3913261,8.110726587,4.642658547,2.158499157,1.045949079,0,0,0,172275.7256,3390203.431
61,1,6424,282.6044667,443.6313328,563.6123522,650.3092788,697.7271742,697.946132,651.3326858,522.1965465,471.5540041,393.4391563,313.123037,232.7664158,166.2082431,119.7286107,83.96888588,55.20381237,34.55906336,21.54755729,11.23661441,6.369370893,2.915557023,1.392594809,0,0,0,179234.7719,3380138.579
62,1,2880,128.4393606,200.5403942,254.1035721,292.6378917,313.487879,313.1555449,291.8515882,233.7063941,210.7528536,175.5861632,139.5199684,103.5286024,73.78146716,53.04033157,37.11385591,24.33612843,15.19018148,9.440704567,4.90166482,2.767103749,1.258453599,0.597457762,0,0,0,182313.6326,3376911.755
63,2,4731,214.4745226,332.7023611,420.2050409,482.8118834,516.2293959,514.8143811,479.0232717,383.0533101,344.8577748,286.8201314,227.4848161,168.4682771,119.8118388,85.93937214,59.98905864,39.22977576,24.41456285,15.12670903,7.820340236,4.397233804,1.98695418,0.937818493,0,0,0,184586.0195,3371747.836
67,1,6518,314.5430948,476.5331645,594.7111477,677.3993637,719.020374,712.4090056,658.5769374,523.3625256,468.0619273,386.4679402,304.0034731,222.9017219,156.7734214,111.171905,76.58483965,49.30643215,30.13017301,18.2894532,9.192866777,5.034746306,2.180454432,0.989963974,0,0,0,186755.0118,3341272.505
68,1,3531,159.9101121,248.1006882,313.3707209,360.0809407,385.0317331,383.9997201,357.3587951,285.8495729,257.3763715,214.1130976,169.8842795,125.9078709,89.63205905,64.35120134,44.97509951,29.45948908,18.37334967,11.41368671,5.921287399,3.340495782,1.51696348,0.719582519,0,0,0,186827.456,3376136.969
70,1,2957,135.7972099,209.5413862,263.9440909,302.6910278,323.1389924,321.8077898,299.0654083,238.9251123,214.8169648,178.4385638,141.3470835,104.5692117,74.29809456,53.23359089,37.12150213,24.253494,15.0838187,9.341914034,4.826381187,2.712275826,1.224017571,0.577325091,0,0,0,188210.9312,3373489.534
71,2,6783,318.9826658,487.7475894,611.5630818,699.0085658,744.1598341,739.2661005,685.3519252,546.2959716,489.9518059,405.8923506,320.5650099,236.3364486,167.2863434,119.387584,82.8829633,53.87272646,33.30702261,20.49426893,10.49404622,5.848458743,2.604333553,1.213490534,0,0,0,188816.6781,3365122.036
74,1,15920,712.3290794,1109.904946,1404.803726,1616.648028,1730.919897,1728.261147,1610.447621,1290.095887,1163.046444,969.0495963,770.362792,572.5522677,408.951818,294.5711085,206.7093801,136.0815684,85.40158712,53.44179964,27.99641682,15.94092517,7.3414026,3.530916104,0,0,0,193226.8283,3387541.801
76,1,10620,500.2777991,763.7661141,956.7982612,1092.973286,1163.126166,1155.06906,1070.873811,854.1765978,765.9748831,634.7716188,501.7544446,370.7669642,263.2562542,188.4054913,131.3133054,85.81364544,53.44250026,33.18435259,17.19829206,9.695460673,4.392766209,2.082569204,0,0,0,203879.7902,3379407.213
77,1,1615,82.35540847,122.0178143,150.478237,169.9244243,179.0887839,176.3094236,162.0828343,128.3007244,114.0479963,93.64163778,73.27412093,53.54384345,37.5656904,26.54663393,18.24565083,11.73621579,7.181542254,4.376178819,2.209498549,1.215765637,0.529211723,0.242350057,0,0,0,212514.6247,3361158.75
79,1,2628,132.3106904,196.7269123,243.0451954,274.8433045,290.0556584,285.8996585,263.2801597,208.9198948,186.0006775,153.0752346,120.1676347,88.28911188,62.36123902,44.35502372,30.73998847,19.9868461,12.39929242,7.68064906,3.965630318,2.228308777,1.002827596,0.473694168,0,0,0,227189.0225,3382458.065
80,1,3950,220.0119995,315.4294937,382.0147403,425.5481883,443.3527072,431.9141833,393.1247792,308.5264874,271.3749805,220.4262094,170.5279608,123.1965002,85.43185674,59.60654356,40.42566012,25.63451128,15.4576529,9.283998712,4.590446743,2.478385215,1.042700933,0.466802591,0,0,0,243498.9954,3345197.681
82,1,1116,60.5151643,87.52117964,106.5080335,119.0910235,124.4885063,121.6476738,111.102088,87.53190797,77.25483562,63.01325374,48.99927619,35.65274519,24.93185181,17.54133509,12.01823922,7.717782688,4.726267406,2.889620866,1.464915736,0.809354595,0.35401655,0.163447777,0,0,0,247766.0732,3371504.894
85,1,1645,99.26184577,138.4018465,164.9502128,181.4744242,187.0254404,180.385574,162.542912,126.3418616,109.9668222,88.30431083,67.44609033,48.01349825,32.76401879,22.47665342,14.95661782,9.27658164,5.45468471,3.187931512,1.514631492,0.788858479,0.310492708,0.138317453,0,0,0,261619.2989,3317150.084
88,1,3778,218.005872,308.1138462,370.0724668,409.6900298,424.6419926,411.7440147,373.3448418,292.4043036,256.0864109,207.2819524,159.9267624,115.5449495,80.25321682,56.02772791,38.09889229,24.28705968,14.7759884,8.984226932,4.518824208,2.478640177,1.07014435,0.49038883,0,0,0,270733.6834,3368873.529
89,1,1429,93.05103998,126.2461003,147.9909232,160.7151539,163.7758654,156.3113068,139.4819357,107.5561773,92.62784957,73.60629368,55.63014599,39.24938637,26.56420266,18.04753625,11.90330082,7.324504043,4.281891585,2.494110539,1.178596545,0.611027963,0.237810862,0,0,0,0,287418.0621,3318317.75
90,2,4615,314.6441445,420.6955823,488.7032595,526.8058149,533.2384484,505.7106247,448.2228091,343.1764932,293.4729882,231.3161601,173.1651067,120.7186042,80.59857323,53.99587563,35.03346727,21.13192693,12.06541275,6.846118425,3.108037639,1.556436793,0.563217618,0,0,0,0,291059.198,3281716.922
91,2,2591,161.9818561,222.6616194,263.0914649,287.5459131,294.7178278,282.8129146,253.8211562,196.9149986,170.6002185,136.5062647,104.0064059,74.13097036,50.75417433,34.89308832,23.33474808,14.60068085,8.705467075,5.18309266,2.529791564,1.350059717,0.555133325,0.24815451,0,0,0,295561.5008,3341665.76
94,1,2485,165.341136,222.4048571,259.3047757,280.4190996,284.7520542,270.8816182,241.1015638,185.7145167,159.4632131,126.4401739,95.43233977,67.41926974,45.75928997,31.1521998,20.63128011,12.78373156,7.55338285,4.460951741,2.152127755,1.136366191,0.458028425,0.206685722,0,0,0,308830.9067,3352608.5
95,1,3867,246.7744611,336.5677285,395.7710332,430.9456897,440.2947822,421.2673826,377.1440625,292.1424776,252.3966852,201.4753001,153.2030262,109.1384071,74.7437151,51.37122735,34.38148134,21.56020925,12.90840151,7.730709826,3.805817561,2.046725694,0.853244961,0.384561524,0,0,0,309164.8126,3353272.323
99,2,2771,170.6216215,235.4289394,278.7881487,305.275158,313.4711238,301.3421745,271.1117917,211.0660351,183.2939676,147.1706274,112.6625725,80.90938419,55.91163215,38.78844421,26.23876702,16.66184712,10.12026693,6.156784544,3.099582933,1.701389791,0.735219793,0.338403303,0,0,0,314562.7948,3375226.448
100,1,1844,141.4192097,182.0755657,206.3748006,217.9777778,216.5766089,201.7776652,175.6059395,132.032598,110.7342542,85.41502369,62.40209769,42.29912074,27.38651338,17.75824751,11.10595504,6.415202992,3.486439269,1.876729383,0.780904697,0.364676746,0.10932862,0,0,0,0,315314.275,3237562.512
101,1,3222,238.084015,310.0336548,354.0660304,376.3645327,376.1719419,352.4792671,308.6575817,233.6144718,197.2057518,153.2769516,112.9919183,77.46982506,50.81587151,33.39907076,21.22375325,12.50407926,6.958677548,3.845588503,1.673145169,0.80858977,0.268056222,0,0,0,0,316769.5349,3257734.488
102,1,1824,124.8026375,166.3971872,192.9329983,207.697838,210.0375345,199.0257694,176.4128838,135.2988646,115.6711826,91.26152436,68.48378366,48.03884868,32.34624056,21.83978356,14.32664943,8.776702506,5.117608947,2.97884398,1.406406616,0.72846897,0.282869632,0,0,0,0,319549.6807,3319111.797
103,1,21907,1940.875086,2394.826294,2635.749879,2713.359365,2630.646735,2392.940183,2027.698379,1479.176373,1206.37362,899.2877205,630.0640084,403.2731771,243.9424843,147.469625,84.56873091,43.55999185,20.41946249,9.324570893,2.627427772,0,0,0,0,0,0,319561.4191,3079897.877
104,1,1731,123.0331057,162.0726223,186.4791234,199.4800511,200.5625593,189.0029092,166.5642751,126.9892957,107.9082746,84.55084599,62.94641083,43.73600412,29.13833177,19.45727502,12.60307634,7.605618102,4.358570999,2.489694261,1.142164429,0.576932049,0.212604822,0,0,0,0,319563.1707,3298105.887
108,1,85044,7491.674899,9257.411116,10199.19189,10509.51518,10199.03961,9286.228865,7878.665706,5757.147033,4701.05611,3510.549747,2465.594915,1584.815446,963.8958552,585.8802924,338.4767634,176.2462813,83.91742925,38.99319039,11.64826375,0,0,0,0,0,0,323909.5515,3094964.514
109,1,5816,524.0961465,643.3603045,705.4594777,723.8575777,699.6027895,634.4236174,535.8152698,389.4933807,316.5311389,234.977462,163.8242041,104.207268,62.58555373,37.54804857,21.33575926,10.85717477,5.010497487,2.253713376,0.597190752,0,0,0,0,0,0,326101.0302,3071432.914
110,2,86054,7535.767018,9324.227847,10282.20877,10604.48072,10301.01691,9387.791672,7975.922479,5840.598326,4775.361219,3573.485844,2517.542838,1627.548004,997.3571353,610.7418675,356.4785417,188.4517472,91.70244307,43.69419893,14.03520502,0,0,0,0,0,0,326284.9488,3110492.519
111,1,473,31.46483865,42.27757782,49.25511222,53.24056525,54.05005373,51.40756254,45.77526997,35.31312914,30.32912968,24.07516928,18.20914305,12.92192773,8.822657811,6.039746312,4.03014944,2.522887259,1.510831242,0.90665048,0.447808496,0.241478282,0.101187886,0.045871034,0,0,0,327956.9746,3360387.038
113,1,3219,235.5559923,307.4347468,351.6036365,374.237675,374.5511846,351.4228723,308.3072374,233.9952415,197.883603,154.2234486,114.1245389,78.74453926,52.06344875,34.48628655,22.13627831,13.21806697,7.484958798,4.221440637,1.898415333,0.942740154,0.334322295,0,0,0,0,328381.0481,3283886.172
119,1,4529,325.3946385,426.7559414,489.5953462,522.5335891,524.3625014,493.2529142,434.1327298,330.8895973,280.7327561,219.7572727,163.5600725,113.8391718,76.06391441,50.91426427,33.11182788,20.10877203,11.63039629,6.72065326,3.139361005,1.610481305,0.613431222,0,0,0,0,334970.2503,3316589.667
120,1,97970,8974.674032,10958.59276,11969.62334,12240.27558,11792.8393,10660.53345,8976.096386,6506.823307,5269.572576,3897.798704,2707.334126,1716.787831,1028.204147,614.7594271,348.3054456,176.8609126,81.6065604,36.78659408,9.813284708,0,0,0,0,0,0,336329.8232,3074250.364
121,1,61080,5785.622837,6996.093875,7587.088667,7708.816033,7380.564319,6630.470397,5543.887035,3986.823908,3204.958505,2349.092813,1613.271136,1006.848054,591.527867,346.6549812,191.4545879,93.78504298,41.18122064,17.84230909,3.641387158,0,0,0,0,0,0,338317.6466,3038714.894
123,1,2105,201.0567812,242.5450325,262.5724555,266.3584688,254.6147032,228.3802556,190.6085326,136.7807744,109.7493568,80.24813358,54.9427118,34.13218953,19.93869033,11.61601317,6.365836348,3.083028032,1.331628497,0.574832766,0,0,0,0,0,0,0,339185.4439,3028138.076
125,1,11690,826.1084113,1088.530985,1252.574531,1340.271984,1348.239127,1271.229763,1121.938022,857.9763544,729.9744934,573.4735501,428.7449653,300.2929349,202.1436655,136.3222737,89.46558739,54.95471623,32.22806401,18.91678284,9.048153214,4.739319094,1.882180818,0.908793558,0,0,0,342102.4625,3337199.574
128,1,8053,760.4181852,920.1690082,998.4088041,1014.936709,972.245239,873.8938734,731.256358,526.4980743,423.5501017,310.8079641,213.8265452,133.9078639,79.03088775,46.52501254,25.86135162,12.79612779,5.705684406,2.498026083,0.563652731,0,0,0,0,0,0,342556.6263,3052091.255
129,1,525,36.05574385,47.90868975,55.4228216,59.56905933,60.17456596,56.96582573,50.50476165,38.82628939,33.1892955,26.22467943,19.74509246,13.9605843,9.501185532,6.478928802,4.308614316,2.689904044,1.608320142,0.964643624,0.476280092,0.256674704,0.107498812,0.048822187,0,0,0,342909.6834,3365463.132
130,1,24560,2033.067691,2555.835264,2850.015977,2968.638135,2911.631403,2678.77374,2301.110341,1707.443563,1412.059285,1072.178605,769.4281258,510.9024455,323.3633766,204.6629805,124.539932,69.63410731,36.45875295,18.86863928,7.305014167,3.268724113,0,0,0,0,0,345322.0939,3197743.25
132,1,4655,394.980688,493.0778626,547.1532595,567.468393,554.2460529,507.8284321,434.1673026,320.3416626,263.6194018,198.9198397,141.6337011,92.99953255,58.07775545,36.25805784,21.68924649,11.85562832,6.029696848,3.019725795,1.09315898,0.507750674,0,0,0,0,0,346240.2533,3155683.649
133,1,33682,3039.358211,3725.702475,4080.812866,4183.93536,4041.642513,3663.089814,3094.648982,2253.434899,1831.029784,1360.789545,951.3234286,609.8659323,370.3591659,224.5511305,129.6378975,67.65347738,32.45152204,15.25564809,4.715219688,0,0,0,0,0,0,348160.8028,3110612.037
135,1,6945,535.6462412,687.1482777,776.8942114,819.0404767,812.6461583,756.1426042,657.9585277,495.6417202,415.4369784,320.767074,235.0184611,160.5743324,105.1181463,68.86408388,43.70590816,25.79089323,14.43683614,8.054835329,3.561898877,1.74361475,0.5976292,0,0,0,0,349089.7481,3274099.188
138,1,37520,3277.032507,4053.741632,4469.152413,4609.089833,4478.10026,4081.901532,3471.635256,2548.574384,2085.288686,1563.716475,1105.79789,720.9449503,446.8943085,276.7083001,164.0819573,88.81977255,44.71957886,22.18681847,7.868940608,0,0,0,0,0,0,351212.0293,3157240.461
139,1,30945,2685.774722,3330.83796,3678.995438,3799.956611,3696.771823,3374.022152,2872.05677,2108.542583,1727.239106,1295.989895,916.3777107,596.0165226,368.0369541,227.1037504,133.9097006,71.818177,35.64736127,17.37553626,5.913586035,0,0,0,0,0,0,352641.9777,3133706.605
140,1,6107,489.4795466,620.6939562,696.2612902,729.0962673,718.833948,664.7436105,574.5995745,429.7617752,357.6884919,273.9118213,198.7534657,134.1708989,86.64321683,55.95953003,34.93207349,20.20173349,11.04298875,6.003832946,2.543165465,1.203102399,0.375607165,0,0,0,0,353550.7975,3247652.071
144,1,11173,846.4175055,1091.285593,1237.951809,1308.910821,1302.323934,1215.075578,1060.663277,802.0792755,674.4984663,522.974328,385.1857487,265.1109296,175.0645366,115.6981374,74.22043547,44.39520019,25.26692023,14.36340968,6.544771987,3.285028688,1.194865681,0,0,0,0,355745.69,3297901.374
146,3,87174,8658.396398,10320.7145,11072.38769,11141.43374,10567.64807,9404.913141,7785.557051,5540.013863,4405.137192,3188.060406,2157.136415,1322.094512,760.8085978,435.9951933,234.4473531,110.8244005,46.47865986,12.72019942,0,0,0,0,0,0,7.625805421,356593.8042,3017094.306
147,1,20883,1991.416781,2401.508917,2598.953667,2636.097352,2520.097667,2260.527983,1888.2729,1357.990926,1090.112514,798.478345,548.5610314,343.77848,203.307908,119.8635877,66.87425244,33.34509034,15.08141817,6.696686595,1.654368603,0,0,0,0,0,0,356957.936,3065244.567
148,1,1155,86.01232796,111.441111,126.829735,134.4744885,134.1531812,125.488539,109.8635983,83.36617255,70.32020721,54.72998205,40.49871079,28.05013898,18.65957432,12.424501,8.042242903,4.864535325,2.806078134,1.619298101,0.755257715,0.386781392,0.146932432,0,0,0,0,357995.8502,3320550.148
149,1,4264,358.3564825,447.9523847,497.5093655,516.5014718,505.1127879,463.4080961,397.1889764,294.4183087,242.8315367,184.0183636,131.9083941,87.74108571,55.72910452,35.37050689,21.63921561,12.21251994,6.488365907,3.421168342,1.37294954,0.625590864,0.174657451,0,0,0,0,358580.9792,3217177.337
6,0,0,0,0,0,0,0,0,0,0,0,0,0,0,0,0,0,0,0,0,0,0,0,0,0,0,0,-77159.6268,3434836.644
8,0,0,0,0,0,0,0,0,0,0,0,0,0,0,0,0,0,0,0,0,0,0,0,0,0,0,0,-72821.7017,3404394.353
14,0,0,0,0,0,0,0,0,0,0,0,0,0,0,0,0,0,0,0,0,0,0,0,0,0,0,0,-34353.7162,3384000.725
33,0,0,0,0,0,0,0,0,0,0,0,0,0,0,0,0,0,0,0,0,0,0,0,0,0,0,0,65522.5724,3413985.817
39,0,0,0,0,0,0,0,0,0,0,0,0,0,0,0,0,0,0,0,0,0,0,0,0,0,0,0,90861.2281,3410055.179
41,0,0,0,0,0,0,0,0,0,0,0,0,0,0,0,0,0,0,0,0,0,0,0,0,0,0,0,94854.2977,3407667.412
43,0,0,0,0,0,0,0,0,0,0,0,0,0,0,0,0,0,0,0,0,0,0,0,0,0,0,0,99109.1358,3406197.465
44,0,0,0,0,0,0,0,0,0,0,0,0,0,0,0,0,0,0,0,0,0,0,0,0,0,0,0,101934.4549,3422621.665
45,0,0,0,0,0,0,0,0,0,0,0,0,0,0,0,0,0,0,0,0,0,0,0,0,0,0,0,102300.199,3432345.555
49,0,0,0,0,0,0,0,0,0,0,0,0,0,0,0,0,0,0,0,0,0,0,0,0,0,0,0,111376.0933,3374858
52,0,0,0,0,0,0,0,0,0,0,0,0,0,0,0,0,0,0,0,0,0,0,0,0,0,0,0,118067.6712,3373352
58,0,0,0,0,0,0,0,0,0,0,0,0,0,0,0,0,0,0,0,0,0,0,0,0,0,0,0,171142.7064,3378040.505
60,0,0,0,0,0,0,0,0,0,0,0,0,0,0,0,0,0,0,0,0,0,0,0,0,0,0,0,177120.8177,3376726.612
64,0,0,0,0,0,0,0,0,0,0,0,0,0,0,0,0,0,0,0,0,0,0,0,0,0,0,0,184899.6538,3371739
65,0,0,0,0,0,0,0,0,0,0,0,0,0,0,0,0,0,0,0,0,0,0,0,0,0,0,0,184905.2029,3371907.5
66,0,0,0,0,0,0,0,0,0,0,0,0,0,0,0,0,0,0,0,0,0,0,0,0,0,0,0,184922.0159,3372637.5
69,0,0,0,0,0,0,0,0,0,0,0,0,0,0,0,0,0,0,0,0,0,0,0,0,0,0,0,187857.9991,3378882.299
72,0,0,0,0,0,0,0,0,0,0,0,0,0,0,0,0,0,0,0,0,0,0,0,0,0,0,0,189126.5937,3348957.5
73,0,0,0,0,0,0,0,0,0,0,0,0,0,0,0,0,0,0,0,0,0,0,0,0,0,0,0,190055.1989,3370559.354
75,0,0,0,0,0,0,0,0,0,0,0,0,0,0,0,0,0,0,0,0,0,0,0,0,0,0,0,196785.1011,3376785.864
78,0,0,0,0,0,0,0,0,0,0,0,0,0,0,0,0,0,0,0,0,0,0,0,0,0,0,0,222581.0265,3375014.459
81,0,0,0,0,0,0,0,0,0,0,0,0,0,0,0,0,0,0,0,0,0,0,0,0,0,0,0,247724.8801,3369748.102
83,0,0,0,0,0,0,0,0,0,0,0,0,0,0,0,0,0,0,0,0,0,0,0,0,0,0,0,250521.1835,3333980.537
84,0,0,0,0,0,0,0,0,0,0,0,0,0,0,0,0,0,0,0,0,0,0,0,0,0,0,0,251199.0623,3333961.751
86,0,0,0,0,0,0,0,0,0,0,0,0,0,0,0,0,0,0,0,0,0,0,0,0,0,0,0,264108.2534,3369123.751
87,0,0,0,0,0,0,0,0,0,0,0,0,0,0,0,0,0,0,0,0,0,0,0,0,0,0,0,268623.0316,3372493.5
92,0,0,0,0,0,0,0,0,0,0,0,0,0,0,0,0,0,0,0,0,0,0,0,0,0,0,0,299071.9952,3358682.616
93,0,0,0,0,0,0,0,0,0,0,0,0,0,0,0,0,0,0,0,0,0,0,0,0,0,0,0,308069.4859,3276270.063
96,0,0,0,0,0,0,0,0,0,0,0,0,0,0,0,0,0,0,0,0,0,0,0,0,0,0,0,313838.5425,3315811.069
97,0,0,0,0,0,0,0,0,0,0,0,0,0,0,0,0,0,0,0,0,0,0,0,0,0,0,0,313982.9082,3315447.973
98,0,0,0,0,0,0,0,0,0,0,0,0,0,0,0,0,0,0,0,0,0,0,0,0,0,0,0,314392.4647,3370109.431
105,0,0,0,0,0,0,0,0,0,0,0,0,0,0,0,0,0,0,0,0,0,0,0,0,0,0,0,319695.3245,3262027.673
106,0,0,0,0,0,0,0,0,0,0,0,0,0,0,0,0,0,0,0,0,0,0,0,0,0,0,0,319710.6528,3263286.063
107,0,0,0,0,0,0,0,0,0,0,0,0,0,0,0,0,0,0,0,0,0,0,0,0,0,0,0,320457.1186,3314966.195
112,0,0,0,0,0,0,0,0,0,0,0,0,0,0,0,0,0,0,0,0,0,0,0,0,0,0,0,328278.7362,3245572.715
114,0,0,0,0,0,0,0,0,0,0,0,0,0,0,0,0,0,0,0,0,0,0,0,0,0,0,0,329128.1452,3103841.289
115,0,0,0,0,0,0,0,0,0,0,0,0,0,0,0,0,0,0,0,0,0,0,0,0,0,0,0,329790.7958,3089120.994
116,0,0,0,0,0,0,0,0,0,0,0,0,0,0,0,0,0,0,0,0,0,0,0,0,0,0,0,329893.3435,3096478.045
117,0,0,0,0,0,0,0,0,0,0,0,0,0,0,0,0,0,0,0,0,0,0,0,0,0,0,0,334531.0518,3073669.139
118,0,0,0,0,0,0,0,0,0,0,0,0,0,0,0,0,0,0,0,0,0,0,0,0,0,0,0,334565.8843,3311495.778
122,0,0,0,0,0,0,0,0,0,0,0,0,0,0,0,0,0,0,0,0,0,0,0,0,0,0,0,338886.2488,3347118.081
124,0,0,0,0,0,0,0,0,0,0,0,0,0,0,0,0,0,0,0,0,0,0,0,0,0,0,0,340495.9551,3332970.002
126,0,0,0,0,0,0,0,0,0,0,0,0,0,0,0,0,0,0,0,0,0,0,0,0,0,0,0,342347.4794,3346683.163
127,0,0,0,0,0,0,0,0,0,0,0,0,0,0,0,0,0,0,0,0,0,0,0,0,0,0,0,342391.6015,3340210.5
131,0,0,0,0,0,0,0,0,0,0,0,0,0,0,0,0,0,0,0,0,0,0,0,0,0,0,0,345924.6616,3319854.506
134,0,0,0,0,0,0,0,0,0,0,0,0,0,0,0,0,0,0,0,0,0,0,0,0,0,0,0,348362.5711,3178248.748
136,0,0,0,0,0,0,0,0,0,0,0,0,0,0,0,0,0,0,0,0,0,0,0,0,0,0,0,350514.8205,3051947.443
137,0,0,0,0,0,0,0,0,0,0,0,0,0,0,0,0,0,0,0,0,0,0,0,0,0,0,0,351097.7253,3046004.033
141,0,0,0,0,0,0,0,0,0,0,0,0,0,0,0,0,0,0,0,0,0,0,0,0,0,0,0,353698.6208,3297781.335
142,0,0,0,0,0,0,0,0,0,0,0,0,0,0,0,0,0,0,0,0,0,0,0,0,0,0,0,354603.9935,3041675.155
143,0,0,0,0,0,0,0,0,0,0,0,0,0,0,0,0,0,0,0,0,0,0,0,0,0,0,0,355574.4833,3296870.512
145,0,0,0,0,0,0,0,0,0,0,0,0,0,0,0,0,0,0,0,0,0,0,0,0,0,0,0,355784.3542,3036127.92
150,0,0,0,0,0,0,0,0,0,0,0,0,0,0,0,0,0,0,0,0,0,0,0,0,0,0,0,362585.969,3165991.963
151,0,0,0,0,0,0,0,0,0,0,0,0,0,0,0,0,0,0,0,0,0,0,0,0,0,0,0,362693.1625,3281905.811
152,1,9138,817.4980754,1003.447892,1100.090769,1129.050046,1092.033109,990.9991144,839.1993879,613.6809394,499.6953321,372.8414681,262.2969784,170.2506559,105.10286,64.76011495,38.23388699,20.6214918,10.36319878,5.14160581,1.824763914,0,0,0,0,0,0,365454.7895,3160487.077
153,1,34777,3188.804111,3886.851604,4239.597878,4331.340871,4170.653338,3768.000532,3174.701157,2307.816609,1869.128066,1385.319522,966.4892408,620.111436,377.5765997,229.3490147,133.0273316,70.07726555,34.16975401,16.40229319,5.374652317,0,0,0,0,0,0,366159.1527,3133868.78
155,1,27500,2176.147546,2767.533098,3110.540649,3263.167412,3223.337528,2986.421829,2588.25539,1943.392018,1621.702591,1246.733579,909.5812136,619.4777682,404.4691289,264.0892236,167.1754856,98.49672819,55.14165803,30.81516551,13.67055963,6.706994581,2.314515389,0,0,0,0,367170.8472,3280589.687
156,1,9308,883.131371,1066.311426,1155.023157,1172.544666,1121.96217,1007.303326,842.4539978,606.9217816,487.7813425,357.9277359,246.5277053,155.1976852,92.3234203,54.75291173,30.79641931,15.54352748,7.155120112,3.232181261,0.868264371,0,0,0,0,0,0,367769.7492,3087202.217
158,1,24095,2102.463192,2598.983298,2863.779639,2952.547598,2868.409073,2614.478793,2225.118167,1636.772933,1339.819389,1006.321142,713.8014188,468.5968724,293.2078724,183.1919601,110.0235603,60.68759195,31.3730904,16.06050594,6.091166857,2.710029856,0,0,0,0,0,368385.5327,3190559.063
160,1,124569,11593.57058,14077.01612,15311.49145,15601.98952,14983.38559,13501.11773,11337.31873,8205.059085,6622.913096,4885.483483,3386.708013,2150.6645,1292.632358,774.9341862,441.7539139,227.043748,107.0260301,49.50071316,14.53467853,0,0,0,0,0,0,369534.6149,3098127.97
162,1,1050,78.68799335,101.6999722,115.5518911,122.354476,121.9236901,113.927277,99.66028813,75.60117311,63.7093179,49.55207906,36.65517833,25.40435009,16.92022982,11.2771587,7.312278372,4.435556809,2.569374419,1.490498789,0.70095566,0.361510225,0.139407548,0,0,0,0,370378.8394,3322118.065
163,1,345,26.7829564,34.23504204,38.61042919,40.62828533,40.25215513,37.40321302,32.5322294,24.53843214,20.55190705,15.87680566,11.6558926,8.01031268,5.286933054,3.489698906,2.238822985,1.341775327,0.76710566,0.438954273,0.202228877,0.102416832,0.038049308,0,0,0,0,370962.1866,3307493.977
166,1,2956,214.9283702,280.1847967,320.1516406,340.6460655,341.0127774,320.0743876,281.4265053,214.7777776,181.9583905,142.4614674,106.2418302,74.43853462,50.21099778,33.89792057,22.31944195,13.79637149,8.173178949,4.860987113,2.372735351,1.264846799,0.520040259,0.236088854,0,0,0,374532.3728,3345970.902
167,1,38174,3676.951112,4417.656062,4767.352177,4823.8907,4601.757801,4118.872438,3434.927672,2468.661293,1977.456888,1446.291928,993.010864,624.0177839,370.8520841,219.5729941,123.4617156,62.43603353,28.91244388,13.16701667,3.659422218,0,0,0,0,0,0,374844.4195,3090943.893
168,1,8262,823.7871101,980.0820628,1049.883326,1055.157693,999.841204,888.9157871,735.6083019,523.8799749,416.2172192,301.280647,204.1730425,125.9327682,73.1638905,42.30660714,23.0805034,11.18644604,4.88953852,2.123857081,0.441505672,0,0,0,0,0,0,376017.7984,3052626.039
169,3,6030,499.5031779,626.3258529,697.1014003,725.1975795,710.7618356,653.5178311,561.9294094,418.5808552,346.3308774,263.7373637,190.3731479,128.1085054,82.56641124,53.16692204,33.14404393,19.1875251,10.5364451,5.771603679,2.479104951,1.184943295,0.382210154,0,0,0,0,376544.4254,3265180.51
171,1,33565,3321.682816,3959.152846,4246.95073,4273.958992,4055.551102,3610.653099,2993.594817,2137.683549,1701.539665,1235.117656,840.364597,521.9959138,306.0603195,178.6247503,98.70255947,48.77535496,21.93259662,9.728405169,2.392226196,0,0,0,0,0,0,381398.488,3065078.392
172,1,2140,170.780664,216.4645149,242.7293532,254.1622448,250.6566992,231.879884,200.7396607,150.6832799,125.571962,96.45777844,70.356722,47.98815275,31.41172572,20.55306806,13.05692388,7.736326419,4.366623322,2.464961657,1.111994303,0.55302713,0.197409035,0,0,0,0,382446.708,3292199.638
173,1,350,26.83129159,34.4115663,38.89650738,41.01025058,40.70913547,37.89982726,33.04025448,24.99504027,20.98415193,16.26154452,11.98633736,8.284758246,5.505556847,3.659023392,2.367229,1.433836279,0.830380527,0.482094541,0.227127919,0.117278001,0.04538535,0,0,0,0,382812.3053,3328965.399
174,2,4647,437.5696483,528.8051883,573.14537,582.3057412,557.7976689,501.3458634,420.2924515,304.1690906,244.9565145,180.5003794,125.1846157,79.93967457,48.47448192,29.29450664,16.92147634,8.891008943,4.33730415,2.088762654,0.691298267,0,0,0,0,0,0,383590.641,3133683.205
175,1,16989,1617.44278,1948.64211,2107.180872,2136.3703,2042.224333,1831.735819,1531.945759,1105.560086,888.0926738,652.324021,450.6114416,286.1536599,172.3694762,103.4500923,59.243741,30.77093648,14.78992212,7.010326876,2.223435695,0,0,0,0,0,0,383686.0318,3124444.841
176,2,18222,1909.632364,2240.354519,2374.333074,2362.574015,2216.476431,1950.900373,1595.548339,1120.231706,879.1254422,626.2560438,415.70283,248.3959132,138.6890095,76.95580572,39.73533253,17.7160644,6.843611967,0,0,0,0,0,0,0,1.904395506,384558.2309,2988996.902
178,1,9559,804.8635617,1005.06578,1115.435064,1157.358965,1131.338004,1037.496113,889.1323017,659.3610118,543.6971139,412.0925381,295.6058614,197.0430252,125.5284908,79.89391036,49.07761319,27.86585532,14.93065567,7.953073571,3.252439264,1.499606478,0.432084345,0,0,0,0,384821.007,3229204.94
179,2,31380,3271.147362,3842.500627,4076.145893,4059.791811,3812.630035,3359.15219,2751.317295,1935.920368,1521.290082,1086.081521,723.316636,435.1010773,245.146304,137.2660382,71.82441124,32.74650353,13.12075989,0,0,0,0,0,0,0,4.338666876,385279.2252,2994463.58
181,1,2479,230.195584,279.2801939,303.571412,309.2335151,296.9853004,267.6210809,225.0236025,163.4296707,132.0311203,97.67843017,68.08407378,43.78109053,26.7706832,16.31872197,9.527994281,5.078314545,2.522900675,1.239211758,0.430442131,0,0,0,0,0,0,385741.9946,3155241.153
182,2,36353,3149.528873,3896.59589,4296.014439,4432.311245,4310.081425,3932.417046,3353.452729,2476.094379,2030.563322,1530.480242,1091.614415,724.1187287,459.277708,290.7781747,177.7888059,100.5605721,53.76479009,28.62266197,11.70613817,5.394727658,1.558390509,0,0,0,0,386954.9889,3229165.581
183,2,78742,7801.276148,9285.906573,9950.309844,10005.94267,9489.972955,8444.808311,7004.40635,5011.851118,3989.375215,2900.094776,1979.845538,1240.708191,736.6344122,435.1591101,244.836099,124.5143818,58.45225464,27.09820352,8.059735001,0,0,0,0,0,0,387970.3313,3101049.538
184,1,27780,2967.500126,3460.515666,3650.073479,3616.412362,3378.791004,2961.333896,2411.779044,1686.587444,1317.080405,933.3416517,616.1200361,366.5408098,203.8753894,112.5658713,57.89730186,25.770293,9.998068564,0,0,0,0,0,0,0,2.896322759,389499.8665,2986128.907
185,1,3472,266.3392968,341.2627955,385.4881401,406.2520049,403.1529094,375.2441266,327.1916233,247.767008,208.0272199,161.3254111,119.0833334,82.56531907,55.09645582,36.76072715,23.90904451,14.58748028,8.528682263,5.00677356,2.399474125,1.257506067,0.501527189,0.248383839,0,0,0,390204.9964,3345280.552
186,1,1581,124.7296961,158.3137692,177.682813,186.251445,183.9389594,170.4145968,147.9493422,111.6462046,93.2939919,72.01687985,52.92237626,36.56878416,24.33455025,16.17907393,10.49353685,6.39098297,3.735550399,2.195020846,1.054361652,0.553362527,0.221712214,0.104814172,0,0,0,391970.6566,3347988.725
188,1,2730,215.6251015,273.9799846,307.7377257,322.7262185,318.7715217,295.3519314,256.2143137,192.8823237,161.0745825,124.0971894,90.88004021,62.36727147,41.13028188,27.11272159,17.38516007,10.42551899,5.973149734,3.42950162,1.589211783,0.808568288,0.303777339,0,0,0,0,392982.3441,3313900
189,2,74034,6655.860284,8145.805257,8910.861923,9130.089441,8819.419421,7993.693799,6767.97338,4958.018101,4034.63691,3013.348139,2126.157323,1391.555804,869.2446024,541.5885492,325.0063716,179.6581412,93.49672799,48.35518612,18.74639272,8.391730864,0,0,0,0,0,393336.5002,3194514.21
191,1,6317,590.3071448,714.5522949,775.3890361,788.7127295,756.4893737,680.8170129,571.8429492,415.0759544,334.9028899,247.5179548,172.4140284,110.9394497,67.93315317,41.45657625,24.26182385,12.98731073,6.497448875,3.219346882,1.141783499,0,0,0,0,0,0,396874.4159,3164097.639
192,1,1108,87.22688666,110.900521,124.6153253,130.7373572,129.1932246,119.7568202,103.9626152,78.35725824,65.48208303,50.50735192,37.04899623,25.49444221,16.87037859,11.15781846,7.185033173,4.332772919,2.499840734,1.44681525,0.678848719,0.349114559,0.134181727,0,0,0,0,397250.7863,3326835.451
195,1,1874,151.9123232,191.4980027,213.9209171,223.2909861,219.5906856,202.5914603,174.9630357,131.1149124,108.9695365,83.50251992,60.77939738,41.42068098,27.10997731,17.72737013,11.26591548,6.68694123,3.788048882,2.149220562,0.978033615,0.489777333,0.177900222,0,0,0,0,400317.594,3295490.25
196,4,52773,5861.200271,6757.842297,7064.332059,6940.722091,6430.65726,5588.292828,4507.878178,3117.96353,2409.755767,1685.82546,1095.134003,636.9698022,344.6177048,184.7337832,91.41409755,38.33681423,13.62978585,0,0,0,0,0,0,0,2.60361413,400673.7544,2947152.484
197,2,18180,1889.825903,2220.833012,2356.560455,2347.957518,2206.056139,1944.550922,1594.192342,1123.681554,883.7059952,631.9296644,422.0257013,255.4516712,145.1827311,81.99858135,43.46308378,20.24964103,8.402745741,0,0,0,0,0,0,0,3.319088724,402359.8482,3008947.431
198,1,2363,249.7601315,291.8955401,308.396582,306.0871677,286.5442863,251.6373628,205.5922191,144.517347,113.1839637,80.61836472,53.64749441,32.44516712,18.45622473,10.42256279,5.540333892,2.604070229,1.101273618,0.476831054,0,0,0,0,0,0,0.064746833,407610.1438,3040317.489
199,3,73645,8541.266927,9721.138715,10056.19163,9783.936004,8977.162327,7723.415289,6162.871758,4212.075339,3216.216466,2217.773636,1415.955725,805.8438419,424.9928611,221.5172026,105.8719212,42.17359422,14.24802357,0,0,0,0,0,0,0,1.604553952,409849.7943,2938696.386
200,1,12903,1460.918596,1674.332311,1741.795598,1703.694785,1571.642405,1359.620023,1091.77479,751.7716735,577.9321514,401.973358,259.4869029,150.1107308,80.80715875,43.04502972,21.1847082,8.853017796,3.155864592,0,0,0,0,0,0,0,0.637593116,410308.4784,2951530.327
201,1,5377,444.4965264,556.6176701,618.918125,643.5127214,630.6189082,579.8234546,499.1821676,373.1792564,309.0692968,236.0593048,171.2942121,116.5081324,76.15617175,49.70496897,31.55520232,18.73282255,10.63147948,6.050984069,2.769566676,1.393013329,0.511963703,0,0,0,0,410901.502,3305895.994
202,1,984,103.2856749,120.9247881,127.9367213,127.1475147,119.1941722,104.8210486,85.79550882,60.45671615,47.43646105,33.87758844,22.62693453,13.76897354,7.89480763,4.494799976,2.415993805,1.154886515,0.500467492,0.216975279,0.045230162,0,0,0,0,0,0,411016.3682,3052638.606
203,1,10072,938.8609896,1136.110341,1232.524721,1253.653133,1202.674419,1082.641748,910.3419402,662.5293923,535.0421295,396.353235,277.2111672,179.8711059,111.384962,68.72001883,40.83070159,22.34125213,11.51713764,5.906968432,2.257150854,1.002526633,0,0,0,0,0,411206.2256,3197104.286
204,1,5154,484.4290364,584.8776771,633.4476366,643.3162156,616.2154724,553.8625365,464.8839971,337.599131,272.118439,201.0933286,140.2161332,90.59681777,55.82090234,34.26098307,20.22743337,10.97689647,5.60129802,2.840954866,1.061375054,0.470746505,0,0,0,0,0,411800.1947,3186500.048
207,1,4392,367.1539051,457.8619271,507.622285,526.5172429,514.8690432,472.4360084,406.0602493,303.3259005,250.7411856,191.2391545,138.650773,94.37462134,61.79435692,40.38216987,25.70222611,15.32564116,8.75575294,5.024548308,2.33122638,1.185736834,0.447277748,0,0,0,0,413389.7834,3316731.953
209,1,6452,557.4227041,688.9949254,759.0850332,782.9062255,761.3524235,694.7501524,593.2828207,439.6800931,360.9789621,272.9299474,195.73692,131.2815718,84.4888218,54.24825564,33.80609488,19.63574231,10.87282617,6.028461666,2.647932211,1.285970221,0.435871386,0,0,0,0,415516.6166,3277983.949
210,1,7271,694.6836073,834.6748155,900.7237903,911.7874557,870.6384033,780.0825384,652.5600903,472.1903363,379.2077368,279.0405629,193.6074629,124.3674706,76.13425002,46.40539845,27.18177935,14.61159733,7.375910585,3.699538859,1.351175787,0.609206959,0,0,0,0,0,416639.2724,3172320.75
211,1,15002,1210.639943,1526.320113,1705.162236,1780.277879,1751.577502,1616.84118,1398.178659,1050.669386,874.2774347,671.614667,490.7763074,336.8554955,222.5003668,146.786631,94.37093549,56.88994115,32.87202759,19.08005598,9.000146501,4.647293295,1.804564764,0,0,0,0,417135.5386,3328437.53
213,2,8847,1165.668802,1278.15277,1282.041955,1210.617524,1077.27381,898.233231,690.7804489,451.7461835,331.8187067,217.4356915,129.7838083,65.72339899,29.55044225,13.06250843,0,0,0,0,0,0,0,0,4.332818342,0.488729444,0.15344707,418575.7188,2715944.751
214,1,7016,533.4815203,684.2097042,773.3474928,815.6129818,810.2033389,754.9396446,659.6663665,501.5430362,421.9619468,328.4439136,243.7971241,170.6582224,115.2612466,77.80358096,51.36477115,31.95658956,19.14598657,11.55795023,5.774127477,3.140018661,1.342259113,0.6178683,0,0,0,418623.6914,3388448.497
215,1,14531,1513.112648,1775.102478,1880.969898,1872.19206,1757.848688,1548.357296,1269.952219,897.4321603,705.6547034,505.499597,339.0616936,207.7865021,120.2224326,69.08439765,37.60180067,18.31349051,8.148919841,3.598276376,0.873019874,0,0,0,0,0,0,419464.753,3075487.712
216,1,30159,3538.414714,4012.51913,4138.305754,4015.057089,3673.986753,3151.846327,2507.985518,1709.661388,1300.993168,893.911583,568.6333252,322.9456504,170.1304086,88.48421875,42.276372,16.91487258,5.704341943,0,0,0,0,0,0,0,0.840026534,420099.0518,2946239.364
217,1,7995,759.1557962,913.4202618,986.7313959,999.8676079,955.7750057,857.313501,718.2544543,520.8844593,418.9617145,309.0077027,215.0955937,138.8968368,85.59001909,52.51572921,31.02649879,16.8758612,8.650033426,4.413414234,1.670938,0.739925714,0,0,0,0,0,420437.442,3189649.962
219,1,7434,722.0355437,863.6906609,928.9304255,937.4410095,892.3724617,797.0604124,664.3057862,478.4983817,382.7710489,280.2333885,193.175686,122.9520137,74.43851404,44.85552607,25.90254748,13.66393923,6.735700653,3.292292125,1.13453079,0,0,0,0,0,0,421837.6811,3169261.651
220,1,14163,1593.679797,1829.354664,1905.429182,1866.044627,1723.66192,1493.101525,1201.096414,829.1210655,638.5173114,445.2978383,288.5720672,168.1585793,91.4196885,49.19355317,24.5708822,10.53374953,3.913053643,0,0,0,0,0,0,0,0.973659042,424512.4121,2975205.689
222,1,62958,5084.578839,6402.173893,7145.866613,7455.968499,7332.88792,6766.772993,5853.4454,4405.214197,3666.354131,2819.660937,2064.977816,1423.88774,946.2683847,627.8799129,406.815446,247.8441201,145.1713189,85.59757049,41.36649175,21.81469644,8.838024152,4.065991683,0,0,0,425981.4594,3354308.492
224,1,29118,3024.488111,3548.690758,3760.707489,3743.95749,3516.572859,3098.668282,2543.97787,1801.422769,1417.640144,1017.452468,684.6792584,422.4938169,246.7605384,143.1282759,78.95252643,39.25896689,18.00309746,8.179889183,2.282821752,0,0,0,0,0,0,426129.0245,3098709.136
226,1,7043,863.4151159,967.0378901,987.2703209,948.4749182,859.1371777,729.4057497,573.1868809,384.6969425,288.9114667,195.0164459,121.1221794,66.07183237,32.98863502,16.21254289,7.1417667,2.497623727,0,0,0,0,0,0,0,0.331311786,0.050166822,428865.5804,2871613.848
227,1,70571,8451.095609,9529.627755,9783.464058,9449.759894,8606.954611,7348.844351,5813.31464,3932.872994,2974.667993,2026.625555,1274.130167,708.783018,363.1343131,183.4415958,84.00276817,31.11911559,0,0,0,0,0,0,0,0,5.900511868,430066.6771,2882864.378
228,1,1658,181.6884254,209.9861145,219.9068122,216.5046273,201.0977482,175.1881275,141.9603371,98.97703763,76.79632202,54.14042335,35.62279939,21.30809127,11.98753244,6.682766668,3.506908157,1.627234449,0.681495971,0.294665302,0,0,0,0,0,0,0.035973485,430440.1624,3038259.593
229,1,4230,473.2317518,543.8373599,566.956288,555.7748902,513.9490531,445.7064794,359.2219921,248.7659774,191.9084417,134.2603176,87.4531685,51.51495184,28.42899002,15.53126386,7.93437134,3.535931978,1.398268118,0,0,0,0,0,0,0,0.456585268,430456.824,3009827.316
231,1,3910,453.8936112,516.2345507,533.6985483,519.0066971,476.0530484,409.3992069,326.7280169,223.551189,170.6457456,117.7440935,75.32191675,43.16986605,23.01370795,12.12018988,5.893362435,2.429400172,0.85597821,0,0,0,0,0,0,0,0.169104205,431911.8632,2955075.606
233,1,23386,1946.997144,2429.760237,2695.174949,2796.92598,2736.639841,2512.634729,2161.691446,1617.345753,1338.251918,1022.267051,742.8140178,507.443764,333.7646196,219.0819539,140.2261559,84.22771505,48.55994632,28.15403359,13.2730693,6.844998927,2.658116854,0,0,0,0,432151.2043,3332601.418
234,2,15020,1458.746719,1743.176709,1873.397915,1889.597037,1798.294332,1605.906556,1339.260634,966.7736861,773.6717311,567.4268291,392.5179953,251.7868731,154.0736477,93.80973781,54.97002087,29.62981483,15.0471852,7.609460814,2.833575928,1.257520965,0,0,0,0,0,433322.0058,3192458.647
235,1,3655,314.0560134,388.3296088,427.9431772,441.5582825,429.6823722,392.3852672,335.6161282,249.5252788,205.1764971,155.592843,112.1064793,75.81555752,49.31238002,31.99091684,20.20655457,11.95104275,6.771982666,3.854787053,1.767670921,0.889505587,0.328612238,0,0,0,0,433805.1367,3310957.871
239,1,5166,456.0319795,559.5109768,613.1469783,629.5232881,609.6757444,554.123181,471.5081334,348.5673324,285.0249501,214.731914,153.5298496,102.863025,66.2085287,42.48391708,26.50077342,15.44385389,8.60604854,4.812248303,2.146311489,1.054506461,0.369384045,0,0,0,0,437237.2588,3289213.902
240,1,5381,493.1198898,599.214251,652.0628025,665.1611616,640.0142305,577.8840913,487.8057053,356.9112081,289.3965665,215.5977946,151.9404055,99.73460941,62.64357706,39.20776156,23.72285891,13.29753964,7.067331624,3.750360376,1.529465185,0.701774151,0.201980286,0,0,0,0,437506.4376,3226819.5
241,1,20792,2070.398254,2457.565935,2627.752312,2637.943132,2498.54458,2220.453289,1841.166038,1319.615799,1049.593515,763.679404,522.91395,330.6345747,198.8528447,118.9252149,68.15646848,35.67763833,17.46744632,8.4901161,2.894306,0,0,0,0,0,0,437560.8986,3158191.202
243,1,12150,1039.867639,1286.498442,1418.284262,1464.047376,1425.44211,1302.476124,1115.176178,830.629097,683.6949137,519.3798851,375.1919708,254.8391699,166.6598027,108.6981617,69.12816607,41.25376245,23.63938124,13.62739288,6.374973267,3.263181274,1.250974526,0,0,0,0,439234.969,3328801.75
245,1,29944,3152.73365,3682.437561,3888.621204,3859.098248,3613.990989,3174.977112,2599.492494,1836.917767,1440.9193,1031.093607,692.0824413,426.844462,249.5093074,144.7442267,80.02699455,40.03556061,18.57157575,8.55027358,2.515827822,0,0,0,0,0,0,439619.8592,3111643.407
246,1,7962,631.9090957,798.7651028,893.9408647,935.0642487,922.012675,853.0786616,740.5643135,560.2094851,467.9588019,361.7822958,266.8221834,185.9210518,125.1276404,84.07264492,55.3163834,34.35799898,20.59935861,12.46598817,6.25905568,3.41600364,1.473633327,0.68205481,0,0,0,440772.5353,3390553.61
247,1,2623,237.8884821,289.4904083,315.3568903,322.083395,310.3770752,280.7065896,237.6361227,174.7759646,142.119091,106.4104926,75.563022,50.25496832,32.09703394,20.4228329,12.62521221,7.285258562,4.018218984,2.223795845,0.976345413,0.47313469,0.160701521,0,0,0,0,442315.2778,3279721.534
250,1,4793,440.4173545,534.1816253,580.4982968,591.5417674,568.7385379,513.1736944,433.1921233,317.4110866,257.3234472,191.8896487,135.5492569,89.48029793,56.64256119,35.71543324,21.83567172,12.42382116,6.736545849,3.658771552,1.556376813,0.735522608,0.233303248,0,0,0,0,443032.7513,3262695.927
251,1,18014,1473.302305,1845.892446,2053.187466,2136.242594,2095.871302,1929.661951,1666.377891,1253.562454,1041.265268,799.8473312,585.5758739,404.5445066,269.7233525,179.4519749,116.786986,71.63963311,42.36763375,25.27132858,12.43344933,6.659199271,2.781680153,1.268565382,0,0,0,443102.652,3367952.529
253,1,19640,1990.697628,2349.24705,2500.722925,2500.48742,2359.54562,2089.110523,1726.183743,1233.684323,977.2983735,708.3227814,483.255174,304.9644162,183.250674,109.412448,62.70047201,32.90537968,16.21229134,7.948189295,2.774200185,0,0,0,0,0,0,445360.072,3158404.291
254,1,23469,2354.497222,2786.302016,2972.303003,2977.965904,2815.76336,2498.160251,2069.142341,1483.170879,1177.976648,856.6163266,586.8988679,372.5332541,225.4098871,135.559698,78.37608374,41.60993269,20.79480847,10.35136564,3.73766056,1.722752209,0,0,0,0,0,445593.513,3174164.924
255,1,96659,8178.039756,10146.11373,11207.809,11590.76187,11306.2081,10350.45353,8883.156339,6637.740236,5477.207847,4174.964653,3029.241612,2070.477766,1364.203993,896.467266,575.3426741,347.280871,201.7283869,118.0533792,56.5055394,29.51257243,11.77953435,0,0,0,0,446594.0546,3337369.475
256,2,13650,1344.813477,1599.212425,1712.330728,1721.562786,1633.491679,1454.421389,1209.711064,871.6258177,695.4001033,508.6415757,351.068482,225.1168652,137.8691299,83.96365641,49.29855307,26.69962606,13.67323943,6.988861725,2.665311701,1.180676636,0,0,0,0,0,448396.4793,3187164.426
257,1,2723,305.283169,350.148504,364.4479919,356.8316866,329.7078309,285.6900091,230.3720908,160.024,123.4352493,86.55258524,56.6910658,33.90830934,19.13330821,10.68429663,5.645258896,2.66390753,1.1517038,0.499277185,0.111590638,0,0,0,0,0,0.016232482,449237.5219,3052512.341
258,2,52494,5643.766517,6546.881022,6876.136049,6790.872681,6330.365782,5535.55433,4512.404078,3177.36747,2479.819132,1765.930351,1180.062752,726.373035,424.4438436,245.8963994,136.115589,68.47792654,32.14524171,15.01410659,4.656312871,0,0,0,0,0,0,452203.4325,3123994.916
259,1,42230,4352.888371,5112.617291,5422.356106,5403.456791,5081.704203,4483.827204,3690.571363,2625.814833,2071.372523,1493.519775,1012.52392,633.7482382,377.2064874,222.9597679,126.2418622,65.24533043,31.56017266,15.17869757,5.064020335,0,0,0,0,0,0,453347.1247,3147134.866
260,1,10501,1149.807688,1327.817889,1389.624947,1367.592092,1270.143807,1106.407246,897.4260897,627.5495407,487.2118439,344.3386715,227.7073751,137.8596084,78.89037882,44.72795824,24.06748624,11.63041099,5.176038058,2.294477338,0.584343552,0,0,0,0,0,0,454022.8125,3084795.293
261,1,1923,184.942372,221.3048496,238.082059,240.4301583,229.1600971,204.9801641,171.4453978,124.4198135,99.8551821,73.61534841,51.32913909,33.39098404,20.8048377,12.89620967,7.737876471,4.309521553,2.283490316,1.211305111,0.495501491,0.227160455,0.066121157,0,0,0,0,455019.1112,3234536.993
263,1,9258,1052.30168,1202.263711,1247.435024,1217.727408,1121.776114,968.9882113,778.5934359,538.5700289,413.8126377,288.7448482,187.9677186,111.5009349,62.29758938,34.42124731,17.94923581,8.318684623,3.514701429,1.505800879,0,0,0,0,0,0,0.259435316,455215.3123,3048931
264,1,3688,453.1896919,506.6551393,516.3972154,495.4809368,448.4197717,380.279062,298.9807326,201.2920638,151.0574125,102.1665143,63.84221508,35.6236594,18.43151571,9.381321496,4.384896719,1.715854737,0.570641722,0,0,0,0,0,0,0,0.088711135,456553.2845,2944962.686
265,1,10753,1343.683975,1495.3393,1518.288445,1451.312771,1308.28565,1104.949936,864.3130979,578.0285248,431.4570672,289.616976,179.0819431,98.12682252,49.54733599,24.57477051,11.0631338,4.042821792,0,0,0,0,0,0,0,0,0.831894173,456680.7813,2929531.25
266,1,6605,544.0455319,679.4974615,754.1467413,783.274896,767.347849,705.5481844,608.7869582,458.1112108,380.1556836,291.9494074,213.868338,148.1304426,99.13713516,66.17986518,43.28124375,26.73652833,15.96018879,9.624261321,4.813852298,2.61594918,1.122881024,0.518005583,0,0,0,457674.1181,3387187.989
267,1,3602,329.513813,399.6988966,434.3820986,442.76139,425.9123348,384.5404231,325.0986971,238.9756447,194.0183207,145.1133854,102.996097,68.57832297,43.89490657,27.97913123,17.35096549,10.06402738,5.592631102,3.123152788,1.392884622,0.683347331,0.239917272,0,0,0,0,457703.8282,3288495.046
269,1,7352,864.4319629,978.2928957,1007.224558,975.9730805,892.2980581,764.7453986,608.9142901,416.5702641,316.9074291,218.3100242,139.8011086,81.02493261,44.00379552,23.58642363,11.82992771,5.184573002,2.032925866,0,0,0,0,0,0,0,0.653675005,458691.7964,3034034.203
272,1,13147,1130.621373,1394.698966,1534.364874,1581.338933,1537.756171,1403.598696,1201.516088,896.3502305,737.5021234,560.7847809,406.1021086,277.4645504,182.9214095,120.2046547,77.23918641,46.75710205,27.2939227,16.07335958,7.773764723,4.095333672,1.665310732,0.762015092,0,0,0,461711.9769,3354815.508
274,1,95003,9987.692462,11656.44046,12301.34402,12203.91627,11428.68594,10041.05503,8230.75136,5835.659619,4581.871864,3288.307233,2219.274518,1385.03785,822.8162896,485.0102571,274.2837475,141.9503305,69.01913532,33.43953761,11.40973672,0,0,0,0,0,0,463183.7454,3152788.688
275,2,39754,3529.7271,4316.241781,4718.584806,4835.514274,4676.219842,4244.598002,3610.609375,2673.703665,2185.073772,1647.791551,1181.393252,796.9799866,517.8754066,335.2823316,211.7579693,125.5822194,71.60815785,41.1207998,19.15600144,9.760327835,3.721224093,0,0,0,0,463371.6253,3340611.717
276,1,47251,4890.283514,5731.611135,6068.819092,6039.600978,5673.84414,5001.154771,4115.085352,2931.244049,2310.943642,1667.292798,1132.78573,713.4272232,428.4252598,255.4045431,146.4398119,77.15060081,38.33552462,19.00528678,6.830168606,3.178618885,0,0,0,0,0,465004.7227,3170717.507
277,1,5343,690.4652875,760.9225083,766.2450208,726.5810855,649.5864969,543.9054218,421.2275363,278.3467723,205.4965963,135.9916485,82.54707047,43.98426083,21.42118438,10.21329257,4.352865714,1.450944976,0,0,0,0,0,0,0,0.210221261,0.031884195,465213.9395,2874511.937
279,1,16070,1608.487801,1902.151603,2028.060107,2031.469121,1921.027728,1704.725867,1413.857549,1017.031271,808.7010618,589.9294207,406.4319777,260.871886,160.2086093,97.76393526,57.66268403,31.49684742,16.34681865,8.49141172,3.350877529,1.498301098,0,0,0,0,0,468351.5876,3214704.361
281,1,17758,1705.318215,2039.685462,2193.581634,2214.895747,2111.200331,1888.705853,1580.988038,1149.763411,923.4378874,682.056632,477.1154505,312.3241971,196.2054624,122.6013762,74.35738893,42.03286192,22.70462011,12.30922091,5.236933351,2.469422849,0.787007508,0,0,0,0,469013.2321,3260161.822
283,1,30185,3116.507087,3654.010993,3870.10308,3852.74551,3620.90183,3193.025563,2629.305364,1875.438786,1479.690669,1069.005582,727.8072508,460.0482675,277.5722105,166.2579692,95.92650247,50.98325509,25.6241263,12.86492903,4.752872345,2.08455303,0,0,0,0,0,470735.6282,3183781.281
284,1,11834,1203.54595,1417.011731,1505.673613,1503.446837,1417.241001,1253.627968,1035.937644,741.9902884,587.6617795,426.5832013,292.1324068,186.062472,113.2512805,68.46405172,39.93706125,21.51812108,10.99052931,5.612824968,2.144966935,0.944215427,0,0,0,0,0,470879.1061,3205148.825
285,1,12989,1506.610136,1711.16712,1766.932635,1717.026678,1574.536165,1353.675923,1082.043286,744.0958773,568.4218974,393.85084,254.2262152,149.2211815,82.36423836,44.90671452,23.04758073,10.46130475,4.309791452,1.851366155,0,0,0,0,0,0,0.199282502,472054.594,3036323.5
287,1,1851,225.1374062,252.3560508,257.7640843,247.8620131,224.844439,191.1391587,150.7613639,101.9674317,76.77323688,52.18526053,32.84918251,18.57655725,9.787273975,5.077100411,2.439814193,1.002472522,0.359385312,0,0,0,0,0,0,0,0.082660405,473899.972,2976088.876
288,1,5304,499.3146537,600.2316968,647.970356,656.5945992,628.1194734,564.0086592,474.2522365,346.9192958,279.9757665,208.117035,146.7808388,97.18206354,61.87746784,39.20087431,24.17347756,13.95232419,7.725595272,4.303077098,1.91455972,0.936245974,0.32788143,0,0,0,0,476942.8369,3288684.633
290,2,54054,5826.762071,6747.248765,7076.726447,6981.375001,6502.622443,5681.844351,4631.983015,3267.387298,2549.549903,1817.906634,1218.679305,756.2186602,446.9465524,261.8262118,147.2912102,75.945593,36.89296091,17.8914182,6.14993309,0,0,0,0,0,0,479178.9954,3157960.782
291,1,25763,2674.344929,3128.965953,3308.5714,3289.103331,3087.317143,2719.169508,2237.152636,1595.582842,1257.532789,908.0359299,618.3382347,391.6971018,237.1496132,142.4943279,82.62913201,44.26803031,22.50363351,11.44777728,4.351878806,1.907309084,0,0,0,0,0,484235.1784,3193769.876
292,1,10887,1061.517602,1263.005787,1352.930909,1361.379219,1293.545108,1153.638514,963.0490285,699.1417205,559.7766373,412.3677141,287.8771187,188.4331038,118.5133552,74.09464908,45.03771306,25.57883489,13.92299581,7.620416112,3.300532503,1.576573081,0.523655293,0,0,0,0,484464.2283,3268563.667
293,1,14999,1511.635439,1781.803833,1895.027446,1894.344338,1788.317765,1584.431382,1313.111619,945.5829556,751.1134148,548.1291602,378.4323793,244.4373249,151.4807582,93.23188685,55.6741748,30.96969508,16.47302176,8.801161292,3.664435066,1.695042471,0.517246362,0,0,0,0,487283.5376,3245210.548
294,1,24096,2572.420254,2985.837915,3137.519072,3100.927362,2893.862524,2533.697792,2070.88814,1466.05947,1147.117751,821.1250076,553.3789966,346.1326692,206.591308,122.2514885,69.65729675,36.53704706,18.13376836,8.998976827,3.258399137,1.438974837,0,0,0,0,0,489333.8383,3177971.789
295,2,31228,3335.982275,3867.119162,4059.537686,4009.38527,3740.111215,3273.642593,2677.237205,1899.844926,1487.249611,1066.820706,721.9042076,455.4382428,275.0092987,164.6192207,95.29393405,51.1289872,26.14251279,13.40999001,5.206077587,2.291355756,0,0,0,0,0,491387.5752,3209465.714
296,1,1854,212.5666461,241.9210796,250.2220254,243.6130902,223.9045362,192.9650519,154.8717842,107.2629633,82.26797019,57.4171927,37.49132342,22.48944654,12.77969467,7.17796919,3.840532557,1.858041976,0.837084312,0.376616848,0.105298431,0,0,0,0,0,0,492526.8649,3113260.343
298,1,5491,563.860342,661.0957669,700.199531,697.280118,655.7789255,578.7903404,477.6675194,342.3786901,270.7135853,196.4820583,134.7912106,86.41190132,53.10697773,32.39656281,19.15383631,10.53161309,5.530771071,2.916112794,1.187451222,0.539951439,0.156942415,0,0,0,0,494700.5577,3230032.75
299,1,7604,774.3340939,909.7684779,965.1575282,962.6384421,906.8068628,801.6917189,662.9919,476.5068244,377.605836,274.8844626,189.309418,122.021136,75.47615849,46.34894203,27.62427765,15.34430224,8.156386624,4.357160406,1.815691738,0.839730854,0.257169017,0,0,0,0,495247.1113,3242356.028
301,1,3918,505.5933117,556.9803696,560.6583997,531.5624563,475.3039647,397.992391,308.6241007,204.6473412,151.1734652,100.3374504,61.30485174,33.31406257,16.72593314,8.22444945,3.690292524,1.365698635,0.428442672,0,0,0,0,0,0,0,0.0475447,496419.774,2959187.295
154,0,0,0,0,0,0,0,0,0,0,0,0,0,0,0,0,0,0,0,0,0,0,0,0,0,0,0,367031.2133,3275483.094
157,0,0,0,0,0,0,0,0,0,0,0,0,0,0,0,0,0,0,0,0,0,0,0,0,0,0,0,368377.1344,3066057.395
159,0,0,0,0,0,0,0,0,0,0,0,0,0,0,0,0,0,0,0,0,0,0,0,0,0,0,0,369234.7356,3091422.321
161,0,0,0,0,0,0,0,0,0,0,0,0,0,0,0,0,0,0,0,0,0,0,0,0,0,0,0,370164.5408,3133947.645
164,0,0,0,0,0,0,0,0,0,0,0,0,0,0,0,0,0,0,0,0,0,0,0,0,0,0,0,371234.8747,3285013.5
165,0,0,0,0,0,0,0,0,0,0,0,0,0,0,0,0,0,0,0,0,0,0,0,0,0,0,0,372313.6382,3322118.274
170,0,0,0,0,0,0,0,0,0,0,0,0,0,0,0,0,0,0,0,0,0,0,0,0,0,0,0,378968.7863,3155770.844
177,0,0,0,0,0,0,0,0,0,0,0,0,0,0,0,0,0,0,0,0,0,0,0,0,0,0,0,384751.4045,3225213.562
180,0,0,0,0,0,0,0,0,0,0,0,0,0,0,0,0,0,0,0,0,0,0,0,0,0,0,0,385467.2716,3154020.669
187,0,0,0,0,0,0,0,0,0,0,0,0,0,0,0,0,0,0,0,0,0,0,0,0,0,0,0,392716.1245,3313083.25
190,0,0,0,0,0,0,0,0,0,0,0,0,0,0,0,0,0,0,0,0,0,0,0,0,0,0,0,393483.4067,3194464.27
193,0,0,0,0,0,0,0,0,0,0,0,0,0,0,0,0,0,0,0,0,0,0,0,0,0,0,0,398008.4064,3190400.81
194,0,0,0,0,0,0,0,0,0,0,0,0,0,0,0,0,0,0,0,0,0,0,0,0,0,0,0,398860.0601,2980259.857
205,0,0,0,0,0,0,0,0,0,0,0,0,0,0,0,0,0,0,0,0,0,0,0,0,0,0,0,412024.7505,3011720.75
206,0,0,0,0,0,0,0,0,0,0,0,0,0,0,0,0,0,0,0,0,0,0,0,0,0,0,0,413380.9473,3186488.316
208,0,0,0,0,0,0,0,0,0,0,0,0,0,0,0,0,0,0,0,0,0,0,0,0,0,0,0,413416.7436,3188876.253
212,0,0,0,0,0,0,0,0,0,0,0,0,0,0,0,0,0,0,0,0,0,0,0,0,0,0,0,417498.907,3009845.21
218,0,0,0,0,0,0,0,0,0,0,0,0,0,0,0,0,0,0,0,0,0,0,0,0,0,0,0,420551.8258,2951697.039
221,0,0,0,0,0,0,0,0,0,0,0,0,0,0,0,0,0,0,0,0,0,0,0,0,0,0,0,425976.0378,3354814.774
223,0,0,0,0,0,0,0,0,0,0,0,0,0,0,0,0,0,0,0,0,0,0,0,0,0,0,0,426056.7055,3353957.379
225,0,0,0,0,0,0,0,0,0,0,0,0,0,0,0,0,0,0,0,0,0,0,0,0,0,0,0,428217.8686,3364686.471
230,0,0,0,0,0,0,0,0,0,0,0,0,0,0,0,0,0,0,0,0,0,0,0,0,0,0,0,430851.4473,3047716.313
232,0,0,0,0,0,0,0,0,0,0,0,0,0,0,0,0,0,0,0,0,0,0,0,0,0,0,0,432097.6286,3340237.256
236,0,0,0,0,0,0,0,0,0,0,0,0,0,0,0,0,0,0,0,0,0,0,0,0,0,0,0,435591.3835,3356036.234
237,0,0,0,0,0,0,0,0,0,0,0,0,0,0,0,0,0,0,0,0,0,0,0,0,0,0,0,436534.9913,3280700.128
238,0,0,0,0,0,0,0,0,0,0,0,0,0,0,0,0,0,0,0,0,0,0,0,0,0,0,0,436848.495,3109168.007
242,0,0,0,0,0,0,0,0,0,0,0,0,0,0,0,0,0,0,0,0,0,0,0,0,0,0,0,438953.3126,3369628.227
244,0,0,0,0,0,0,0,0,0,0,0,0,0,0,0,0,0,0,0,0,0,0,0,0,0,0,0,439512.5219,3339067.068
248,0,0,0,0,0,0,0,0,0,0,0,0,0,0,0,0,0,0,0,0,0,0,0,0,0,0,0,442394.3316,3388968.805
249,0,0,0,0,0,0,0,0,0,0,0,0,0,0,0,0,0,0,0,0,0,0,0,0,0,0,0,442783.6656,3085612.133
252,0,0,0,0,0,0,0,0,0,0,0,0,0,0,0,0,0,0,0,0,0,0,0,0,0,0,0,443343.6728,3275218.13
262,0,0,0,0,0,0,0,0,0,0,0,0,0,0,0,0,0,0,0,0,0,0,0,0,0,0,0,455093.134,3151542.521
268,0,0,0,0,0,0,0,0,0,0,0,0,0,0,0,0,0,0,0,0,0,0,0,0,0,0,0,458239.0458,3147820.29
270,0,0,0,0,0,0,0,0,0,0,0,0,0,0,0,0,0,0,0,0,0,0,0,0,0,0,0,459067.6567,3228813.75
271,0,0,0,0,0,0,0,0,0,0,0,0,0,0,0,0,0,0,0,0,0,0,0,0,0,0,0,460759.3548,3147139.099
273,0,0,0,0,0,0,0,0,0,0,0,0,0,0,0,0,0,0,0,0,0,0,0,0,0,0,0,463014.7077,3156610.136
278,0,0,0,0,0,0,0,0,0,0,0,0,0,0,0,0,0,0,0,0,0,0,0,0,0,0,0,467052.1465,3187122.522
280,0,0,0,0,0,0,0,0,0,0,0,0,0,0,0,0,0,0,0,0,0,0,0,0,0,0,0,468629.3683,3189498.813
282,0,0,0,0,0,0,0,0,0,0,0,0,0,0,0,0,0,0,0,0,0,0,0,0,0,0,0,470454.7189,3211133.25
286,0,0,0,0,0,0,0,0,0,0,0,0,0,0,0,0,0,0,0,0,0,0,0,0,0,0,0,473352.547,3184380.554
289,0,0,0,0,0,0,0,0,0,0,0,0,0,0,0,0,0,0,0,0,0,0,0,0,0,0,0,478826.2138,3269374.409
297,0,0,0,0,0,0,0,0,0,0,0,0,0,0,0,0,0,0,0,0,0,0,0,0,0,0,0,493981.4722,3239350.232
300,0,0,0,0,0,0,0,0,0,0,0,0,0,0,0,0,0,0,0,0,0,0,0,0,0,0,0,496131.3705,3240336.45
302,0,0,0,0,0,0,0,0,0,0,0,0,0,0,0,0,0,0,0,0,0,0,0,0,0,0,0,496976.5719,3233081.175
304,2,23282,2426.588903,2832.653537,2990.004372,2968.237198,2783.032435,2448.669009,2014.16605,1438.681678,1133.381407,819.1747118,559.3273471,356.7174317,218.0224432,132.1993468,77.65445425,42.3920816,22.0973936,11.56450202,4.652177902,2.095598061,0.594929193,0,0,0,0,499311.3707,3222516.322
306,1,1514,184.984869,206.7746623,210.7122392,202.237364,183.1902456,155.4960142,122.6554031,83.22164794,62.61304215,42.65417742,27.02347716,15.57962492,8.448882156,4.51131058,2.269524778,1.012059376,0.412951795,0.174393871,0,0,0,0,0,0,0.021250426,509432.1219,3063945.017
307,1,19691,2190.859767,2511.111878,2612.301973,2558.061294,2365.793821,2052.364551,1661.659324,1165.453655,902.2455314,638.4009226,424.9029837,262.600094,154.8983216,90.42998493,50.85448186,26.34654189,12.94760265,6.374306674,2.285873919,1.004861506,0,0,0,0,0,512741.2813,3171015.104
308,2,8322,1051.567433,1164.263183,1176.926706,1120.792692,1007.103556,847.6564201,662.1488763,444.0137415,330.458423,222.0128994,138.1931541,77.77968316,40.97770635,21.20035737,10.25120843,4.325586378,1.645814185,0,0,0,0,0,0,0,0.484042013,516883.9685,3008401.25
309,1,1466,173.7574897,195.7215675,200.730712,193.894836,176.8355185,151.1890344,120.3634729,82.71795864,62.85646172,43.43636336,28.06894334,16.68872049,9.409026799,5.234111755,2.77843455,1.33791689,0.603379191,0.272352269,0.078505837,0,0,0,0,0,0.021925093,519197.3881,3107419.262
310,1,32847,3792.684275,4301.974665,4437.52857,4310.491241,3954.155238,3401.38909,2727.759818,1892.166602,1449.434489,1012.351695,663.2868457,402.0127817,231.9360226,132.2153321,72.32898695,36.23387206,17.14235038,8.119357735,2.677225981,0,0,0,0,0,0,520143.2408,3137069.617
312,1,13122,1533.391211,1732.74793,1781.835101,1725.877818,1578.789468,1354.197372,1082.908737,749.2323732,572.05366,398.2059671,260.0247106,157.2019687,90.51856657,51.46931021,28.11029585,14.08057141,6.675508501,3.171607375,1.058290906,0,0,0,0,0,0,529374.3642,3138142.126
313,1,1454,206.3030472,221.0302282,217.1707923,201.043852,175.364008,143.0270183,107.5851657,68.75044941,49.08310821,31.15878984,17.95805349,8.947388366,4.014415367,1.739909116,0.656996667,0,0,0,0,0,0,0,0,0.118959579,0.027622133,530904.7715,2849362.809
314,2,3881,510.0126643,558.3983737,559.1074253,527.475748,469.3914893,391.040917,301.836193,199.4623502,146.4834526,96.71780203,58.86508642,32.10284828,16.27055363,8.066345745,3.69119204,1.435525652,0.490651315,0,0,0,0,0,0,0,0.100697907,531422.187,2956093.5
316,1,5211,645.9962353,718.399315,728.94592,696.8998021,628.9353429,531.8233932,418.1471855,283.2075703,212.2243958,144.1369774,91.18389126,52.78237991,28.85516209,15.52057173,7.918350439,3.627208916,1.544510816,0.662539853,0.157099732,0,0,0,0,0,0.024689838,532618.9455,3057420.763
318,1,26411,3200.979926,3581.349501,3652.478935,3509.467209,3183.866613,2707.238323,2142.871817,1463.944899,1105.157619,758.0949998,485.8981876,286.536186,160.2181945,88.28332247,46.42284017,22.15030542,9.916390301,4.449512879,1.272425098,0,0,0,0,0,0.331943575,533349.8315,3097111.831
319,1,32916,3943.615696,4425.904077,4525.502353,4359.344424,3965.342452,3381.130636,2685.210647,1842.258225,1395.881572,962.2112328,620.6465501,369.2252141,208.6390612,116.2633072,61.9868179,30.11847668,13.78143038,6.318013087,1.927435311,0,0,0,0,0,0.6000697,533447.0943,3111476.478
320,1,0,0,0,0,0,0,0,0,0,0,0,0,0,0,0,0,0,0,0,0,0,0,0,0,0,0,533648.2939,3168528.86
322,1,7293,865.390466,973.3678162,997.1165849,962.3334741,877.184053,749.6290621,597.151624,411.5527787,312.8596999,216.7328825,140.783567,84.68041908,48.51640304,27.42782573,14.89680221,7.42369656,3.505917951,1.660572245,0.55259083,0,0,0,0,0,0,538266.4024,3135571.991
323,1,0,0,0,0,0,0,0,0,0,0,0,0,0,0,0,0,0,0,0,0,0,0,0,0,0,0,538408.9402,2891965.383
326,1,13713,1657.825564,1855.162678,1892.333061,1818.768477,1650.774775,1404.402519,1112.905549,762.1141368,575.9928211,396.0543842,254.8691661,151.4376059,85.53446164,47.62005256,25.39678596,12.36989514,5.689306963,2.623784228,0.818195987,0,0,0,0,0,0.261754068,540671.1927,3114718.591
327,1,2389,307.7206605,338.4901614,340.2830945,322.3920339,288.2532506,241.3586143,187.6478844,125.4025999,92.79191314,62.02388462,38.4636292,21.69888984,11.5103563,5.989542801,2.936457954,1.277308156,0.511927429,0.212662854,0,0,0,0,0,0,0.025179887,542702.3785,3027997.513
328,2,2317,333.322431,355.8665676,348.6417737,321.7315427,279.6149065,227.2638459,169.9655349,107.6336603,76.48542934,48.11347214,27.28784556,12.95343999,5.361200977,2.160076216,0,0,0,0,0,0,0,0,0.508847449,0.05616608,0.017564586,542826.8129,2809028.25
329,1,5029,668.007124,728.4965863,726.9342353,683.6692302,606.5960642,503.7778849,387.9067884,256.111628,187.4750753,123.532045,75.18847009,41.31697247,21.22457591,10.66220896,4.998470083,2.041582014,0.756377782,0,0,0,0,0,0,0,0.20684185,548124.3577,2992207.062
330,2,8563,1060.256715,1178.694874,1195.686132,1143.02126,1031.670016,872.5406954,686.6878448,466.2593104,349.6959255,238.0769827,151.2916793,88.40465089,48.96010478,26.6864037,13.87418988,6.540883103,2.895842321,1.286764331,0.360206464,0,0,0,0,0,0.086565324,549813.534,3090768.941
331,2,20286,3037.360338,3201.757211,3100.455326,2828.874356,2430.352786,1950.077068,1439.546038,899.2009745,628.3379781,387.8409658,215.4001165,101.5406365,42.30805786,16.83749429,0,0,0,0,0,0,0,0,0,4.057655883,1.128744065,553775.0646,2817897.929
334,1,77242,11263.17384,11964.72155,11666.33057,10719.3648,9278.533794,7504.718356,5594.895368,3540.580339,2500.759542,1567.47711,890.0132902,437.1211248,193.39089,82.24303711,30.41119035,0,0,0,0,0,0,0,0,5.859900875,1.383820957,556490.2725,2849322.406
337,1,36680,4704.68247,5177.219558,5206.588402,4935.660832,4416.746307,3701.804475,2883.896689,1935.395871,1434.987492,963.3019793,601.8249055,344.5074317,186.4263235,99.04405282,50.00649847,22.75895753,9.697674656,4.163586018,1.039663289,0,0,0,0,0,0.182985296,558413.5921,3062965.039
343,1,43680,5806.394895,6327.322363,6309.626483,5931.161212,5260.786711,4367.724264,3364.270282,2225.06627,1628.966412,1074.992299,656.6292314,364.0910912,189.5207588,96.51926552,46.20940476,19.56069681,7.631850645,3.169603813,0,0,0,0,0,0,0.246699357,562259.5149,3016151.64
345,1,25837,3850.242713,4063.746727,3939.505045,3598.652054,3095.768211,2487.354224,1839.830858,1152.801965,807.0435226,499.7914989,279.1309334,133.4773914,56.91792438,23.20041038,8.154597144,0,0,0,0,0,0,0,0,0.940693807,0.246994217,563909.8799,2824921.607
346,1,18174,2679.833634,2836.999996,2757.715941,2526.112345,2179.613375,1756.852123,1304.745858,822.0155328,577.984355,360.2447668,203.1125333,98.90274772,43.31522317,18.19198409,6.623007089,0,0,0,0,0,0,0,0,1.219107589,0.295810924,564716.1374,2846227.224
347,2,118502,17287.36667,18356.11113,17890.86822,16433.4954,14221.7225,11499.84582,8575.567022,5433.693443,3837.486702,2407.744535,1371.080155,680.3703366,306.257597,132.6499873,50.62128417,14.51623547,0,0,0,0,0,0,0,1.899370835,0.412095941,564977.1024,2870178.819
348,1,19308,2835.558299,3005.283984,2924.275676,2681.49063,2316.299163,1869.284656,1390.387546,877.8343255,618.2596365,386.3037561,218.6094777,107.197332,47.4291476,20.14929691,7.46186085,0,0,0,0,0,0,0,0,1.547029782,0.36215312,565148.0357,2854976.65
349,2,29515,3902.651895,4257.784328,4250.257534,3999.750874,3552.171114,2953.242957,2279.336683,1512.38968,1109.603324,734.8670939,451.3327241,252.6562572,133.1868033,68.74972793,33.53067865,14.59657792,5.909248433,2.441874977,0.435702407,0,0,0,0,0,0.073177019,565682.7069,3036126.404
350,1,37300,5572.066206,5875.798247,5691.450657,5194.996061,4465.709927,3585.031163,2650.029633,1660.00071,1160.94015,718.462324,401.2637031,192.6638572,82.82734419,34.03324256,12.03735837,0,0,0,0,0,0,0,0,1.851649409,0.472690628,567529.2785,2838053.221
351,1,56271,7873.231885,8457.632759,8328.796964,7731.341703,6766.937414,5538.71193,4193.701891,2712.905552,1948.327108,1252.511516,738.5931814,388.9031036,189.7424414,89.94385959,39.1928496,14.43149362,4.711526541,0,0,0,0,0,0,1.219342989,0.103633553,568267.2855,2951578.413
352,1,8064,1106.880043,1195.556934,1183.02872,1103.470543,970.7381915,798.8821044,608.8018033,397.0655816,287.2440105,186.473481,111.4017518,59.77184399,29.85586364,14.53039198,6.554878764,2.543132226,0.887753738,0,0,0,0,0,0,0,0.204132836,568597.7482,2977154.788
354,2,110633,16051.14182,17067.87695,16656.46001,15320.16337,13277.99977,10753.80265,8036.876364,5109.282109,3616.630829,2277.667316,1304.713075,655.2762493,300.197981,132.5867633,52.19495911,16.01135373,0,0,0,0,0,0,0,3.084126736,0.615136412,573462.3446,2892210.524
355,1,46606,6754.543482,7183.132265,7010.571581,6449.124295,5590.841346,4529.151768,3387.109949,2156.448112,1527.275239,963.2494894,553.4046352,280.0623488,129.8197017,58.07295876,23.3585717,7.522131198,2.100508739,0,0,0,0,0,0,0.16169731,0.030021502,575130.2326,2902313.54
356,1,20112,2965.789657,3138.657059,3049.931973,2793.16668,2409.800348,1942.093252,1442.940226,910.5014665,640.241172,399.5768409,226.0759391,111.3866266,49.74857548,21.33689935,8.052595957,2.276325225,0,0,0,0,0,0,0,0.306282248,0.068720434,575530.532,2870285.901
357,1,134821,20083.65948,21191.41731,20537.51791,18757.68738,16136.59649,12964.3484,9596.216148,6025.897208,4219.431082,2617.956517,1469.112617,714.1739688,313.1731462,131.5003785,48.09960781,12.8953339,0,0,0,0,0,0,0,0.929137327,0.222484411,577648.3214,2856467.33
358,1,28381,3982.787935,4273.799794,4204.684239,3899.601245,3410.256991,2788.746427,2109.954556,1364.461639,978.9453206,628.9072688,370.8320166,195.6851171,95.85799166,45.62398674,20.03388257,7.498386326,2.513850348,0,0,0,0,0,0,0.727937763,0.051822063,577942.4374,2956242.25
360,1,21389,2912.667318,3150.82782,3122.052621,2916.649976,2570.686267,2119.996723,1621.118581,1063.771036,772.2595706,504.6342755,304.7672582,166.9922964,85.86289282,43.10425185,20.3383735,8.488897509,3.278414963,1.343951791,0,0,0,0,0,0,0.107774344,578985.3721,3009053.713
363,1,3248,492.0545977,516.5751331,498.3451694,453.0572224,387.8498314,309.9571675,228.015653,142.0857489,98.78591615,60.71250565,33.63757204,16.04322729,6.86027447,2.795798572,0.980894501,0,0,0,0,0,0,0,0,0.167139802,0.042907583,579969.8373,2848090.657
364,1,44112,6441.351916,6833.361375,6654.589407,6108.610008,5284.217744,4270.760479,3186.323471,2024.0097,1429.315893,898.6759469,514.7111487,260.1709156,120.6596848,53.96510364,21.78694653,7.13113065,2.020061484,0,0,0,0,0,0,0.259151009,0.048087809,582905.364,2909763.925
367,1,19974,2771.334004,2981.80253,2940.575966,2734.180848,2398.006286,1967.160086,1495.069262,973.7688395,702.0071458,454.612195,271.4227937,146.4986894,73.9966598,36.41276179,16.76998056,6.781178984,2.52609225,0,0,0,0,0,0,0,0.708178311,585154.1199,2994494.27
369,1,39057,5810.052292,6131.070708,5942.266066,5428.242659,4671.226102,3754.099151,2781.469345,1750.539446,1226.632839,762.7464996,430.0397374,211.8209995,94.86655426,40.76638933,15.52160467,4.543088166,0,0,0,0,0,0,0,0.795134759,0.175966567,585714.3476,2879678.239
370,1,11104,1656.581258,1746.709021,1691.69585,1544.203268,1327.76853,1066.144036,789.0302365,495.7933161,346.9823924,215.3591023,121.0815035,59.33576796,26.38214801,11.24360713,4.226253493,1.20301998,0,0,0,0,0,0,0,0.187271413,0.042614335,586464.5995,2874385.348
371,2,86066,12717.35087,13444.80841,13052.46105,11943.96473,10297.63377,8292.673155,6160.385904,3891.654527,2734.80124,1708.027244,969.3679584,483.2515077,220.1291615,96.43588299,37.82536142,11.77369878,1.007797699,0,0,0,0,0,0,1.811207026,0.376196811,588049.0218,2892756.329
372,1,23568,3557.841006,3738.435905,3609.353519,3284.171868,2814.26812,2251.42923,1658.84484,1036.351491,721.6581255,444.7813019,247.6330966,119.4479103,51.98150068,21.60551862,7.826173149,2.06734251,0,0,0,0,0,0,0,0.212275567,0.051834954,588156.2938,2859217.94
376,1,94407,13705.84516,14559.88523,14196.40721,13049.12396,11305.49083,9152.4884,6845.475664,4366.155229,3091.268456,1952.475229,1126.668315,578.095075,273.9087947,125.4497929,52.53811532,18.42956561,5.744182449,0,0,0,0,0,0,1.232973253,0.195040114,590659.2741,2932782.816
377,1,42505,6116.620946,6513.978767,6365.564342,5864.432988,5093.169847,4134.073411,3101.949794,1986.874161,1411.810016,896.2377968,520.8116203,270.1229233,129.7771684,60.37899585,25.83447014,9.374738351,3.052210608,0,0,0,0,0,0,0.769584459,0.103430161,590710.6827,2945367.886
378,1,27513,3886.563407,4159.966724,4083.532718,3779.456674,3298.796462,2692.090228,2033.756846,1314.934578,941.4606712,604.2666769,356.6793904,189.6448512,94.09757973,45.38056632,20.3931419,7.983278323,2.866665818,0,0,0,0,0,0,0,0.727441643,591563.0651,2978830.961
380,1,40090,5871.430827,6222.012002,6053.328288,5551.595392,4798.128733,3874.187587,2888.187446,1833.987577,1293.738952,812.8507849,465.5549357,236.0090106,110.0522602,49.49998212,20.207259,6.789875206,1.999832203,0,0,0,0,0,0,0.338519432,0.060898959,592135.4117,2918253.831
381,1,25857,3692.185393,3939.75152,3856.754154,3559.711768,3097.929485,2520.200199,1896.788193,1220.571825,870.1840272,555.3342031,325.3236921,171.1472292,83.82147589,39.83571828,17.5705365,6.700878217,2.332548918,0,0,0,0,0,0,0.750438709,0.067700471,593622.8752,2966623.198
382,1,28711,4134.881303,4401.636091,4299.736307,3959.974206,3438.266264,2790.035554,2093.386625,1341.526882,953.0896584,605.2627553,352.1659653,183.3587953,88.6228242,41.49709373,17.94387885,6.642234743,2.227134582,0,0,0,0,0,0,0.622255792,0.077680465,594589.0627,2954159.25
303,0,0,0,0,0,0,0,0,0,0,0,0,0,0,0,0,0,0,0,0,0,0,0,0,0,0,0,497336.0419,3232314.664
305,0,0,0,0,0,0,0,0,0,0,0,0,0,0,0,0,0,0,0,0,0,0,0,0,0,0,0,500729.2185,3229588
311,0,0,0,0,0,0,0,0,0,0,0,0,0,0,0,0,0,0,0,0,0,0,0,0,0,0,0,527633.7116,3122740.533
315,0,0,0,0,0,0,0,0,0,0,0,0,0,0,0,0,0,0,0,0,0,0,0,0,0,0,0,532312.3102,3102680.553
317,0,0,0,0,0,0,0,0,0,0,0,0,0,0,0,0,0,0,0,0,0,0,0,0,0,0,0,533204.6341,3119920.449
321,0,0,0,0,0,0,0,0,0,0,0,0,0,0,0,0,0,0,0,0,0,0,0,0,0,0,0,538023.9816,2984774.019
324,0,0,0,0,0,0,0,0,0,0,0,0,0,0,0,0,0,0,0,0,0,0,0,0,0,0,0,538610.6015,3120824.934
325,0,0,0,0,0,0,0,0,0,0,0,0,0,0,0,0,0,0,0,0,0,0,0,0,0,0,0,539007.3124,3106001
332,0,0,0,0,0,0,0,0,0,0,0,0,0,0,0,0,0,0,0,0,0,0,0,0,0,0,0,554122.2141,2987855.046
333,0,0,0,0,0,0,0,0,0,0,0,0,0,0,0,0,0,0,0,0,0,0,0,0,0,0,0,555802.0448,2891823.483
335,0,0,0,0,0,0,0,0,0,0,0,0,0,0,0,0,0,0,0,0,0,0,0,0,0,0,0,557224.5182,3015839.005
336,0,0,0,0,0,0,0,0,0,0,0,0,0,0,0,0,0,0,0,0,0,0,0,0,0,0,0,557935.4035,3062964.528
338,0,0,0,0,0,0,0,0,0,0,0,0,0,0,0,0,0,0,0,0,0,0,0,0,0,0,0,559909.3821,3036141.374
339,0,0,0,0,0,0,0,0,0,0,0,0,0,0,0,0,0,0,0,0,0,0,0,0,0,0,0,560475.3034,3032651.469
340,0,0,0,0,0,0,0,0,0,0,0,0,0,0,0,0,0,0,0,0,0,0,0,0,0,0,0,561519.1619,2854967.495
341,0,0,0,0,0,0,0,0,0,0,0,0,0,0,0,0,0,0,0,0,0,0,0,0,0,0,0,561649.0524,2849354.077
342,0,0,0,0,0,0,0,0,0,0,0,0,0,0,0,0,0,0,0,0,0,0,0,0,0,0,0,561777.3893,2846146.931
344,0,0,0,0,0,0,0,0,0,0,0,0,0,0,0,0,0,0,0,0,0,0,0,0,0,0,0,563668.6671,2829568.134
353,0,0,0,0,0,0,0,0,0,0,0,0,0,0,0,0,0,0,0,0,0,0,0,0,0,0,0,571354.7935,3000509.993
359,0,0,0,0,0,0,0,0,0,0,0,0,0,0,0,0,0,0,0,0,0,0,0,0,0,0,0,577981.9813,2894151.103
361,0,0,0,0,0,0,0,0,0,0,0,0,0,0,0,0,0,0,0,0,0,0,0,0,0,0,0,579549.5175,2898101.619
362,0,0,0,0,0,0,0,0,0,0,0,0,0,0,0,0,0,0,0,0,0,0,0,0,0,0,0,579585.3538,2868271.169
365,0,0,0,0,0,0,0,0,0,0,0,0,0,0,0,0,0,0,0,0,0,0,0,0,0,0,0,584016.0072,2979483.614
366,0,0,0,0,0,0,0,0,0,0,0,0,0,0,0,0,0,0,0,0,0,0,0,0,0,0,0,584398.2884,2979461.882
368,0,0,0,0,0,0,0,0,0,0,0,0,0,0,0,0,0,0,0,0,0,0,0,0,0,0,0,585431.8974,2954334.433
373,0,0,0,0,0,0,0,0,0,0,0,0,0,0,0,0,0,0,0,0,0,0,0,0,0,0,0,588256.3477,2944472.93
374,0,0,0,0,0,0,0,0,0,0,0,0,0,0,0,0,0,0,0,0,0,0,0,0,0,0,0,588338.2094,2948150.822
375,0,0,0,0,0,0,0,0,0,0,0,0,0,0,0,0,0,0,0,0,0,0,0,0,0,0,0,589248.4132,2968992.948
379,0,0,0,0,0,0,0,0,0,0,0,0,0,0,0,0,0,0,0,0,0,0,0,0,0,0,0,591971.8416,2954204.015
